observed_at,route_id,source,origin,destination,depart_date,return_date,adults,children,infants,total_price,currency,carrier,stops,booking_url
2026-08-31T19:13:45Z,survey,serpapi,DSM,STT,2026-09-15,2026-09-22,2,4,1,8886.00,USD,Delta,1,https://www.google.com/travel/flights?hl=en&gl=us&curr=USD&tfs=CBwQAhoeEgoyMDI2LTA5LTE1agcIARIDRFNNcgcIARIDU1RUGh4SCjIwMjYtMDktMjJqBwgBEgNTVFRyBwgBEgNEU01AAUABQAJAAkACQAJAA0gBcAGYAQE&tfu=EgIIAQ
2026-08-31T19:13:45Z,survey,serpapi,DSM,STT,2026-09-15,2026-09-22,2,4,1,3705.00,USD,American,2,https://www.google.com/travel/flights?hl=en&gl=us&curr=USD&tfs=CBwQAhoeEgoyMDI2LTA5LTE1agcIARIDRFNNcgcIARIDU1RUGh4SCjIwMjYtMDktMjJqBwgBEgNTVFRyBwgBEgNEU01AAUABQAJAAkACQAJAA0gBcAGYAQE&tfu=EgIIAQ
2026-08-31T19:13:45Z,survey,serpapi,DSM,STT,2026-09-15,2026-09-22,2,4,1,3831.00,USD,American,2,https://www.google.com/travel/flights?hl=en&gl=us&curr=USD&tfs=CBwQAhoeEgoyMDI2LTA5LTE1agcIARIDRFNNcgcIARIDU1RUGh4SCjIwMjYtMDktMjJqBwgBEgNTVFRyBwgBEgNEU01AAUABQAJAAkACQAJAA0gBcAGYAQE&tfu=EgIIAQ
2026-08-31T19:13:45Z,survey,serpapi,DSM,STT,2026-09-15,2026-09-22,2,4,1,4149.00,USD,American,2,https://www.google.com/travel/flights?hl=en&gl=us&curr=USD&tfs=CBwQAhoeEgoyMDI2LTA5LTE1agcIARIDRFNNcgcIARIDU1RUGh4SCjIwMjYtMDktMjJqBwgBEgNTVFRyBwgBEgNEU01AAUABQAJAAkACQAJAA0gBcAGYAQE&tfu=EgIIAQ
2026-08-31T19:13:45Z,survey,serpapi,DSM,STT,2026-09-15,2026-09-22,2,4,1,4299.00,USD,American,2,https://www.google.com/travel/flights?hl=en&gl=us&curr=USD&tfs=CBwQAhoeEgoyMDI2LTA5LTE1agcIARIDRFNNcgcIARIDU1RUGh4SCjIwMjYtMDktMjJqBwgBEgNTVFRyBwgBEgNEU01AAUABQAJAAkACQAJAA0gBcAGYAQE&tfu=EgIIAQ
2026-08-31T19:13:45Z,survey,serpapi,DSM,STT,2026-09-15,2026-09-22,2,4,1,4701.00,USD,American,2,https://www.google.com/travel/flights?hl=en&gl=us&curr=USD&tfs=CBwQAhoeEgoyMDI2LTA5LTE1agcIARIDRFNNcgcIARIDU1RUGh4SCjIwMjYtMDktMjJqBwgBEgNTVFRyBwgBEgNEU01AAUABQAJAAkACQAJAA0gBcAGYAQE&tfu=EgIIAQ
2026-08-31T19:13:50Z,survey,serpapi,DSM,STT,2026-09-29,2026-10-06,2,4,1,4434.00,USD,Delta,1,https://www.google.com/travel/flights?hl=en&gl=us&curr=USD&tfs=CBwQAhoeEgoyMDI2LTA5LTI5agcIARIDRFNNcgcIARIDU1RUGh4SCjIwMjYtMTAtMDZqBwgBEgNTVFRyBwgBEgNEU01AAUABQAJAAkACQAJAA0gBcAGYAQE&tfu=EgIIAQ
2026-08-31T19:13:50Z,survey,serpapi,DSM,STT,2026-09-29,2026-10-06,2,4,1,3207.00,USD,American,2,https://www.google.com/travel/flights?hl=en&gl=us&curr=USD&tfs=CBwQAhoeEgoyMDI2LTA5LTI5agcIARIDRFNNcgcIARIDU1RUGh4SCjIwMjYtMTAtMDZqBwgBEgNTVFRyBwgBEgNEU01AAUABQAJAAkACQAJAA0gBcAGYAQE&tfu=EgIIAQ
2026-08-31T19:13:50Z,survey,serpapi,DSM,STT,2026-09-29,2026-10-06,2,4,1,3711.00,USD,American,2,https://www.google.com/travel/flights?hl=en&gl=us&curr=USD&tfs=CBwQAhoeEgoyMDI2LTA5LTI5agcIARIDRFNNcgcIARIDU1RUGh4SCjIwMjYtMTAtMDZqBwgBEgNTVFRyBwgBEgNEU01AAUABQAJAAkACQAJAA0gBcAGYAQE&tfu=EgIIAQ
2026-08-31T19:13:50Z,survey,serpapi,DSM,STT,2026-09-29,2026-10-06,2,4,1,3861.00,USD,American,2,https://www.google.com/travel/flights?hl=en&gl=us&curr=USD&tfs=CBwQAhoeEgoyMDI2LTA5LTI5agcIARIDRFNNcgcIARIDU1RUGh4SCjIwMjYtMTAtMDZqBwgBEgNTVFRyBwgBEgNEU01AAUABQAJAAkACQAJAA0gBcAGYAQE&tfu=EgIIAQ
2026-08-31T19:13:50Z,survey,serpapi,DSM,STT,2026-09-29,2026-10-06,2,4,1,6260.00,USD,American,3,https://www.google.com/travel/flights?hl=en&gl=us&curr=USD&tfs=CBwQAhoeEgoyMDI2LTA5LTI5agcIARIDRFNNcgcIARIDU1RUGh4SCjIwMjYtMTAtMDZqBwgBEgNTVFRyBwgBEgNEU01AAUABQAJAAkACQAJAA0gBcAGYAQE&tfu=EgIIAQ
2026-08-31T19:13:50Z,survey,serpapi,DSM,STT,2026-09-29,2026-10-06,2,4,1,6315.00,USD,American,2,https://www.google.com/travel/flights?hl=en&gl=us&curr=USD&tfs=CBwQAhoeEgoyMDI2LTA5LTI5agcIARIDRFNNcgcIARIDU1RUGh4SCjIwMjYtMTAtMDZqBwgBEgNTVFRyBwgBEgNEU01AAUABQAJAAkACQAJAA0gBcAGYAQE&tfu=EgIIAQ
2026-08-31T19:13:57Z,survey,serpapi,DSM,STT,2026-10-13,2026-10-20,2,4,1,2955.00,USD,American,2,https://www.google.com/travel/flights?hl=en&gl=us&curr=USD&tfs=CBwQAhoeEgoyMDI2LTEwLTEzagcIARIDRFNNcgcIARIDU1RUGh4SCjIwMjYtMTAtMjBqBwgBEgNTVFRyBwgBEgNEU01AAUABQAJAAkACQAJAA0gBcAGYAQE&tfu=EgIIAQ
2026-08-31T19:13:57Z,survey,serpapi,DSM,STT,2026-10-13,2026-10-20,2,4,1,5445.00,USD,Delta,1,https://www.google.com/travel/flights?hl=en&gl=us&curr=USD&tfs=CBwQAhoeEgoyMDI2LTEwLTEzagcIARIDRFNNcgcIARIDU1RUGh4SCjIwMjYtMTAtMjBqBwgBEgNTVFRyBwgBEgNEU01AAUABQAJAAkACQAJAA0gBcAGYAQE&tfu=EgIIAQ
2026-08-31T19:13:57Z,survey,serpapi,DSM,STT,2026-10-13,2026-10-20,2,4,1,3207.00,USD,American,2,https://www.google.com/travel/flights?hl=en&gl=us&curr=USD&tfs=CBwQAhoeEgoyMDI2LTEwLTEzagcIARIDRFNNcgcIARIDU1RUGh4SCjIwMjYtMTAtMjBqBwgBEgNTVFRyBwgBEgNEU01AAUABQAJAAkACQAJAA0gBcAGYAQE&tfu=EgIIAQ
2026-08-31T19:13:57Z,survey,serpapi,DSM,STT,2026-10-13,2026-10-20,2,4,1,3207.00,USD,American,2,https://www.google.com/travel/flights?hl=en&gl=us&curr=USD&tfs=CBwQAhoeEgoyMDI2LTEwLTEzagcIARIDRFNNcgcIARIDU1RUGh4SCjIwMjYtMTAtMjBqBwgBEgNTVFRyBwgBEgNEU01AAUABQAJAAkACQAJAA0gBcAGYAQE&tfu=EgIIAQ
2026-08-31T19:13:57Z,survey,serpapi,DSM,STT,2026-10-13,2026-10-20,2,4,1,4263.00,USD,American,2,https://www.google.com/travel/flights?hl=en&gl=us&curr=USD&tfs=CBwQAhoeEgoyMDI2LTEwLTEzagcIARIDRFNNcgcIARIDU1RUGh4SCjIwMjYtMTAtMjBqBwgBEgNTVFRyBwgBEgNEU01AAUABQAJAAkACQAJAA0gBcAGYAQE&tfu=EgIIAQ
2026-08-31T19:13:57Z,survey,serpapi,DSM,STT,2026-10-13,2026-10-20,2,4,1,6071.00,USD,American,1,https://www.google.com/travel/flights?hl=en&gl=us&curr=USD&tfs=CBwQAhoeEgoyMDI2LTEwLTEzagcIARIDRFNNcgcIARIDU1RUGh4SCjIwMjYtMTAtMjBqBwgBEgNTVFRyBwgBEgNEU01AAUABQAJAAkACQAJAA0gBcAGYAQE&tfu=EgIIAQ
2026-08-31T19:14:03Z,survey,serpapi,DSM,STT,2026-10-27,2026-11-03,2,4,1,2955.00,USD,American,2,https://www.google.com/travel/flights?hl=en&gl=us&curr=USD&tfs=CBwQAhoeEgoyMDI2LTEwLTI3agcIARIDRFNNcgcIARIDU1RUGh4SCjIwMjYtMTEtMDNqBwgBEgNTVFRyBwgBEgNEU01AAUABQAJAAkACQAJAA0gBcAGYAQE&tfu=EgIIAQ
2026-08-31T19:14:03Z,survey,serpapi,DSM,STT,2026-10-27,2026-11-03,2,4,1,2955.00,USD,American,2,https://www.google.com/travel/flights?hl=en&gl=us&curr=USD&tfs=CBwQAhoeEgoyMDI2LTEwLTI3agcIARIDRFNNcgcIARIDU1RUGh4SCjIwMjYtMTEtMDNqBwgBEgNTVFRyBwgBEgNEU01AAUABQAJAAkACQAJAA0gBcAGYAQE&tfu=EgIIAQ
2026-08-31T19:14:03Z,survey,serpapi,DSM,STT,2026-10-27,2026-11-03,2,4,1,3075.00,USD,American,2,https://www.google.com/travel/flights?hl=en&gl=us&curr=USD&tfs=CBwQAhoeEgoyMDI2LTEwLTI3agcIARIDRFNNcgcIARIDU1RUGh4SCjIwMjYtMTEtMDNqBwgBEgNTVFRyBwgBEgNEU01AAUABQAJAAkACQAJAA0gBcAGYAQE&tfu=EgIIAQ
2026-08-31T19:14:03Z,survey,serpapi,DSM,STT,2026-10-27,2026-11-03,2,4,1,6675.00,USD,Delta,1,https://www.google.com/travel/flights?hl=en&gl=us&curr=USD&tfs=CBwQAhoeEgoyMDI2LTEwLTI3agcIARIDRFNNcgcIARIDU1RUGh4SCjIwMjYtMTEtMDNqBwgBEgNTVFRyBwgBEgNEU01AAUABQAJAAkACQAJAA0gBcAGYAQE&tfu=EgIIAQ
2026-08-31T19:14:03Z,survey,serpapi,DSM,STT,2026-10-27,2026-11-03,2,4,1,2955.00,USD,American,2,https://www.google.com/travel/flights?hl=en&gl=us&curr=USD&tfs=CBwQAhoeEgoyMDI2LTEwLTI3agcIARIDRFNNcgcIARIDU1RUGh4SCjIwMjYtMTEtMDNqBwgBEgNTVFRyBwgBEgNEU01AAUABQAJAAkACQAJAA0gBcAGYAQE&tfu=EgIIAQ
2026-08-31T19:14:03Z,survey,serpapi,DSM,STT,2026-10-27,2026-11-03,2,4,1,2955.00,USD,American,2,https://www.google.com/travel/flights?hl=en&gl=us&curr=USD&tfs=CBwQAhoeEgoyMDI2LTEwLTI3agcIARIDRFNNcgcIARIDU1RUGh4SCjIwMjYtMTEtMDNqBwgBEgNTVFRyBwgBEgNEU01AAUABQAJAAkACQAJAA0gBcAGYAQE&tfu=EgIIAQ
2026-08-31T19:14:03Z,survey,serpapi,DSM,STT,2026-10-27,2026-11-03,2,4,1,2955.00,USD,American,2,https://www.google.com/travel/flights?hl=en&gl=us&curr=USD&tfs=CBwQAhoeEgoyMDI2LTEwLTI3agcIARIDRFNNcgcIARIDU1RUGh4SCjIwMjYtMTEtMDNqBwgBEgNTVFRyBwgBEgNEU01AAUABQAJAAkACQAJAA0gBcAGYAQE&tfu=EgIIAQ
2026-08-31T19:14:03Z,survey,serpapi,DSM,STT,2026-10-27,2026-11-03,2,4,1,2955.00,USD,American,2,https://www.google.com/travel/flights?hl=en&gl=us&curr=USD&tfs=CBwQAhoeEgoyMDI2LTEwLTI3agcIARIDRFNNcgcIARIDU1RUGh4SCjIwMjYtMTEtMDNqBwgBEgNTVFRyBwgBEgNEU01AAUABQAJAAkACQAJAA0gBcAGYAQE&tfu=EgIIAQ
2026-08-31T19:14:03Z,survey,serpapi,DSM,STT,2026-10-27,2026-11-03,2,4,1,4816.00,USD,United,2,https://www.google.com/travel/flights?hl=en&gl=us&curr=USD&tfs=CBwQAhoeEgoyMDI2LTEwLTI3agcIARIDRFNNcgcIARIDU1RUGh4SCjIwMjYtMTEtMDNqBwgBEgNTVFRyBwgBEgNEU01AAUABQAJAAkACQAJAA0gBcAGYAQE&tfu=EgIIAQ
2026-08-31T19:14:09Z,survey,serpapi,DSM,STT,2026-11-10,2026-11-17,2,4,1,2955.00,USD,American,2,https://www.google.com/travel/flights?hl=en&gl=us&curr=USD&tfs=CBwQAhoeEgoyMDI2LTExLTEwagcIARIDRFNNcgcIARIDU1RUGh4SCjIwMjYtMTEtMTdqBwgBEgNTVFRyBwgBEgNEU01AAUABQAJAAkACQAJAA0gBcAGYAQE&tfu=EgIIAQ
2026-08-31T19:14:09Z,survey,serpapi,DSM,STT,2026-11-10,2026-11-17,2,4,1,2955.00,USD,American,2,https://www.google.com/travel/flights?hl=en&gl=us&curr=USD&tfs=CBwQAhoeEgoyMDI2LTExLTEwagcIARIDRFNNcgcIARIDU1RUGh4SCjIwMjYtMTEtMTdqBwgBEgNTVFRyBwgBEgNEU01AAUABQAJAAkACQAJAA0gBcAGYAQE&tfu=EgIIAQ
2026-08-31T19:14:09Z,survey,serpapi,DSM,STT,2026-11-10,2026-11-17,2,4,1,3075.00,USD,American,2,https://www.google.com/travel/flights?hl=en&gl=us&curr=USD&tfs=CBwQAhoeEgoyMDI2LTExLTEwagcIARIDRFNNcgcIARIDU1RUGh4SCjIwMjYtMTEtMTdqBwgBEgNTVFRyBwgBEgNEU01AAUABQAJAAkACQAJAA0gBcAGYAQE&tfu=EgIIAQ
2026-08-31T19:14:09Z,survey,serpapi,DSM,STT,2026-11-10,2026-11-17,2,4,1,3999.00,USD,American,1,https://www.google.com/travel/flights?hl=en&gl=us&curr=USD&tfs=CBwQAhoeEgoyMDI2LTExLTEwagcIARIDRFNNcgcIARIDU1RUGh4SCjIwMjYtMTEtMTdqBwgBEgNTVFRyBwgBEgNEU01AAUABQAJAAkACQAJAA0gBcAGYAQE&tfu=EgIIAQ
2026-08-31T19:14:09Z,survey,serpapi,DSM,STT,2026-11-10,2026-11-17,2,4,1,3711.00,USD,American,2,https://www.google.com/travel/flights?hl=en&gl=us&curr=USD&tfs=CBwQAhoeEgoyMDI2LTExLTEwagcIARIDRFNNcgcIARIDU1RUGh4SCjIwMjYtMTEtMTdqBwgBEgNTVFRyBwgBEgNEU01AAUABQAJAAkACQAJAA0gBcAGYAQE&tfu=EgIIAQ
2026-08-31T19:14:09Z,survey,serpapi,DSM,STT,2026-11-10,2026-11-17,2,4,1,3999.00,USD,American,2,https://www.google.com/travel/flights?hl=en&gl=us&curr=USD&tfs=CBwQAhoeEgoyMDI2LTExLTEwagcIARIDRFNNcgcIARIDU1RUGh4SCjIwMjYtMTEtMTdqBwgBEgNTVFRyBwgBEgNEU01AAUABQAJAAkACQAJAA0gBcAGYAQE&tfu=EgIIAQ
2026-08-31T19:14:09Z,survey,serpapi,DSM,STT,2026-11-10,2026-11-17,2,4,1,4964.00,USD,United,2,https://www.google.com/travel/flights?hl=en&gl=us&curr=USD&tfs=CBwQAhoeEgoyMDI2LTExLTEwagcIARIDRFNNcgcIARIDU1RUGh4SCjIwMjYtMTEtMTdqBwgBEgNTVFRyBwgBEgNEU01AAUABQAJAAkACQAJAA0gBcAGYAQE&tfu=EgIIAQ
2026-08-31T19:14:09Z,survey,serpapi,DSM,STT,2026-11-10,2026-11-17,2,4,1,4977.00,USD,United,2,https://www.google.com/travel/flights?hl=en&gl=us&curr=USD&tfs=CBwQAhoeEgoyMDI2LTExLTEwagcIARIDRFNNcgcIARIDU1RUGh4SCjIwMjYtMTEtMTdqBwgBEgNTVFRyBwgBEgNEU01AAUABQAJAAkACQAJAA0gBcAGYAQE&tfu=EgIIAQ
2026-08-31T19:14:09Z,survey,serpapi,DSM,STT,2026-11-10,2026-11-17,2,4,1,8886.00,USD,Delta,1,https://www.google.com/travel/flights?hl=en&gl=us&curr=USD&tfs=CBwQAhoeEgoyMDI2LTExLTEwagcIARIDRFNNcgcIARIDU1RUGh4SCjIwMjYtMTEtMTdqBwgBEgNTVFRyBwgBEgNEU01AAUABQAJAAkACQAJAA0gBcAGYAQE&tfu=EgIIAQ
2026-08-31T19:14:15Z,survey,serpapi,DSM,STT,2026-11-24,2026-12-01,2,4,1,3927.00,USD,American,1,https://www.google.com/travel/flights?hl=en&gl=us&curr=USD&tfs=CBwQAhoeEgoyMDI2LTExLTI0agcIARIDRFNNcgcIARIDU1RUGh4SCjIwMjYtMTItMDFqBwgBEgNTVFRyBwgBEgNEU01AAUABQAJAAkACQAJAA0gBcAGYAQE&tfu=EgIIAQ
2026-08-31T19:14:15Z,survey,serpapi,DSM,STT,2026-11-24,2026-12-01,2,4,1,3927.00,USD,American,2,https://www.google.com/travel/flights?hl=en&gl=us&curr=USD&tfs=CBwQAhoeEgoyMDI2LTExLTI0agcIARIDRFNNcgcIARIDU1RUGh4SCjIwMjYtMTItMDFqBwgBEgNTVFRyBwgBEgNEU01AAUABQAJAAkACQAJAA0gBcAGYAQE&tfu=EgIIAQ
2026-08-31T19:14:15Z,survey,serpapi,DSM,STT,2026-11-24,2026-12-01,2,4,1,4563.00,USD,American,1,https://www.google.com/travel/flights?hl=en&gl=us&curr=USD&tfs=CBwQAhoeEgoyMDI2LTExLTI0agcIARIDRFNNcgcIARIDU1RUGh4SCjIwMjYtMTItMDFqBwgBEgNTVFRyBwgBEgNEU01AAUABQAJAAkACQAJAA0gBcAGYAQE&tfu=EgIIAQ
2026-08-31T19:14:15Z,survey,serpapi,DSM,STT,2026-11-24,2026-12-01,2,4,1,10617.00,USD,Delta,1,https://www.google.com/travel/flights?hl=en&gl=us&curr=USD&tfs=CBwQAhoeEgoyMDI2LTExLTI0agcIARIDRFNNcgcIARIDU1RUGh4SCjIwMjYtMTItMDFqBwgBEgNTVFRyBwgBEgNEU01AAUABQAJAAkACQAJAA0gBcAGYAQE&tfu=EgIIAQ
2026-08-31T19:14:15Z,survey,serpapi,DSM,STT,2026-11-24,2026-12-01,2,4,1,3807.00,USD,American,2,https://www.google.com/travel/flights?hl=en&gl=us&curr=USD&tfs=CBwQAhoeEgoyMDI2LTExLTI0agcIARIDRFNNcgcIARIDU1RUGh4SCjIwMjYtMTItMDFqBwgBEgNTVFRyBwgBEgNEU01AAUABQAJAAkACQAJAA0gBcAGYAQE&tfu=EgIIAQ
2026-08-31T19:14:15Z,survey,serpapi,DSM,STT,2026-11-24,2026-12-01,2,4,1,3807.00,USD,American,2,https://www.google.com/travel/flights?hl=en&gl=us&curr=USD&tfs=CBwQAhoeEgoyMDI2LTExLTI0agcIARIDRFNNcgcIARIDU1RUGh4SCjIwMjYtMTItMDFqBwgBEgNTVFRyBwgBEgNEU01AAUABQAJAAkACQAJAA0gBcAGYAQE&tfu=EgIIAQ
2026-08-31T19:14:15Z,survey,serpapi,DSM,STT,2026-11-24,2026-12-01,2,4,1,4059.00,USD,American,2,https://www.google.com/travel/flights?hl=en&gl=us&curr=USD&tfs=CBwQAhoeEgoyMDI2LTExLTI0agcIARIDRFNNcgcIARIDU1RUGh4SCjIwMjYtMTItMDFqBwgBEgNTVFRyBwgBEgNEU01AAUABQAJAAkACQAJAA0gBcAGYAQE&tfu=EgIIAQ
2026-08-31T19:14:15Z,survey,serpapi,DSM,STT,2026-11-24,2026-12-01,2,4,1,4059.00,USD,American,2,https://www.google.com/travel/flights?hl=en&gl=us&curr=USD&tfs=CBwQAhoeEgoyMDI2LTExLTI0agcIARIDRFNNcgcIARIDU1RUGh4SCjIwMjYtMTItMDFqBwgBEgNTVFRyBwgBEgNEU01AAUABQAJAAkACQAJAA0gBcAGYAQE&tfu=EgIIAQ
2026-08-31T19:14:15Z,survey,serpapi,DSM,STT,2026-11-24,2026-12-01,2,4,1,4977.00,USD,United,2,https://www.google.com/travel/flights?hl=en&gl=us&curr=USD&tfs=CBwQAhoeEgoyMDI2LTExLTI0agcIARIDRFNNcgcIARIDU1RUGh4SCjIwMjYtMTItMDFqBwgBEgNTVFRyBwgBEgNEU01AAUABQAJAAkACQAJAA0gBcAGYAQE&tfu=EgIIAQ
2026-08-31T19:14:21Z,survey,serpapi,DSM,STT,2026-12-08,2026-12-15,2,4,1,3207.00,USD,American,2,https://www.google.com/travel/flights?hl=en&gl=us&curr=USD&tfs=CBwQAhoeEgoyMDI2LTEyLTA4agcIARIDRFNNcgcIARIDU1RUGh4SCjIwMjYtMTItMTVqBwgBEgNTVFRyBwgBEgNEU01AAUABQAJAAkACQAJAA0gBcAGYAQE&tfu=EgIIAQ
2026-08-31T19:14:21Z,survey,serpapi,DSM,STT,2026-12-08,2026-12-15,2,4,1,4263.00,USD,American,1,https://www.google.com/travel/flights?hl=en&gl=us&curr=USD&tfs=CBwQAhoeEgoyMDI2LTEyLTA4agcIARIDRFNNcgcIARIDU1RUGh4SCjIwMjYtMTItMTVqBwgBEgNTVFRyBwgBEgNEU01AAUABQAJAAkACQAJAA0gBcAGYAQE&tfu=EgIIAQ
2026-08-31T19:14:21Z,survey,serpapi,DSM,STT,2026-12-08,2026-12-15,2,4,1,8886.00,USD,Delta,1,https://www.google.com/travel/flights?hl=en&gl=us&curr=USD&tfs=CBwQAhoeEgoyMDI2LTEyLTA4agcIARIDRFNNcgcIARIDU1RUGh4SCjIwMjYtMTItMTVqBwgBEgNTVFRyBwgBEgNEU01AAUABQAJAAkACQAJAA0gBcAGYAQE&tfu=EgIIAQ
2026-08-31T19:14:21Z,survey,serpapi,DSM,STT,2026-12-08,2026-12-15,2,4,1,3075.00,USD,American,2,https://www.google.com/travel/flights?hl=en&gl=us&curr=USD&tfs=CBwQAhoeEgoyMDI2LTEyLTA4agcIARIDRFNNcgcIARIDU1RUGh4SCjIwMjYtMTItMTVqBwgBEgNTVFRyBwgBEgNEU01AAUABQAJAAkACQAJAA0gBcAGYAQE&tfu=EgIIAQ
2026-08-31T19:14:21Z,survey,serpapi,DSM,STT,2026-12-08,2026-12-15,2,4,1,3075.00,USD,American,2,https://www.google.com/travel/flights?hl=en&gl=us&curr=USD&tfs=CBwQAhoeEgoyMDI2LTEyLTA4agcIARIDRFNNcgcIARIDU1RUGh4SCjIwMjYtMTItMTVqBwgBEgNTVFRyBwgBEgNEU01AAUABQAJAAkACQAJAA0gBcAGYAQE&tfu=EgIIAQ
2026-08-31T19:14:21Z,survey,serpapi,DSM,STT,2026-12-08,2026-12-15,2,4,1,3207.00,USD,American,2,https://www.google.com/travel/flights?hl=en&gl=us&curr=USD&tfs=CBwQAhoeEgoyMDI2LTEyLTA4agcIARIDRFNNcgcIARIDU1RUGh4SCjIwMjYtMTItMTVqBwgBEgNTVFRyBwgBEgNEU01AAUABQAJAAkACQAJAA0gBcAGYAQE&tfu=EgIIAQ
2026-08-31T19:14:21Z,survey,serpapi,DSM,STT,2026-12-08,2026-12-15,2,4,1,3711.00,USD,American,2,https://www.google.com/travel/flights?hl=en&gl=us&curr=USD&tfs=CBwQAhoeEgoyMDI2LTEyLTA4agcIARIDRFNNcgcIARIDU1RUGh4SCjIwMjYtMTItMTVqBwgBEgNTVFRyBwgBEgNEU01AAUABQAJAAkACQAJAA0gBcAGYAQE&tfu=EgIIAQ
2026-08-31T19:14:21Z,survey,serpapi,DSM,STT,2026-12-08,2026-12-15,2,4,1,3711.00,USD,American,2,https://www.google.com/travel/flights?hl=en&gl=us&curr=USD&tfs=CBwQAhoeEgoyMDI2LTEyLTA4agcIARIDRFNNcgcIARIDU1RUGh4SCjIwMjYtMTItMTVqBwgBEgNTVFRyBwgBEgNEU01AAUABQAJAAkACQAJAA0gBcAGYAQE&tfu=EgIIAQ
2026-08-31T19:14:21Z,survey,serpapi,DSM,STT,2026-12-08,2026-12-15,2,4,1,4816.00,USD,United,2,https://www.google.com/travel/flights?hl=en&gl=us&curr=USD&tfs=CBwQAhoeEgoyMDI2LTEyLTA4agcIARIDRFNNcgcIARIDU1RUGh4SCjIwMjYtMTItMTVqBwgBEgNTVFRyBwgBEgNEU01AAUABQAJAAkACQAJAA0gBcAGYAQE&tfu=EgIIAQ
2026-08-31T19:14:21Z,survey,serpapi,DSM,STT,2026-12-08,2026-12-15,2,4,1,4816.00,USD,United,2,https://www.google.com/travel/flights?hl=en&gl=us&curr=USD&tfs=CBwQAhoeEgoyMDI2LTEyLTA4agcIARIDRFNNcgcIARIDU1RUGh4SCjIwMjYtMTItMTVqBwgBEgNTVFRyBwgBEgNEU01AAUABQAJAAkACQAJAA0gBcAGYAQE&tfu=EgIIAQ
2026-08-31T19:14:21Z,survey,serpapi,DSM,STT,2026-12-08,2026-12-15,2,4,1,5173.00,USD,United,2,https://www.google.com/travel/flights?hl=en&gl=us&curr=USD&tfs=CBwQAhoeEgoyMDI2LTEyLTA4agcIARIDRFNNcgcIARIDU1RUGh4SCjIwMjYtMTItMTVqBwgBEgNTVFRyBwgBEgNEU01AAUABQAJAAkACQAJAA0gBcAGYAQE&tfu=EgIIAQ
2026-08-31T19:14:28Z,survey,serpapi,DSM,STT,2026-12-22,2026-12-29,2,4,1,6639.00,USD,American,1,https://www.google.com/travel/flights?hl=en&gl=us&curr=USD&tfs=CBwQAhoeEgoyMDI2LTEyLTIyagcIARIDRFNNcgcIARIDU1RUGh4SCjIwMjYtMTItMjlqBwgBEgNTVFRyBwgBEgNEU01AAUABQAJAAkACQAJAA0gBcAGYAQE&tfu=EgIIAQ
2026-08-31T19:14:28Z,survey,serpapi,DSM,STT,2026-12-22,2026-12-29,2,4,1,6639.00,USD,American,1,https://www.google.com/travel/flights?hl=en&gl=us&curr=USD&tfs=CBwQAhoeEgoyMDI2LTEyLTIyagcIARIDRFNNcgcIARIDU1RUGh4SCjIwMjYtMTItMjlqBwgBEgNTVFRyBwgBEgNEU01AAUABQAJAAkACQAJAA0gBcAGYAQE&tfu=EgIIAQ
2026-08-31T19:14:28Z,survey,serpapi,DSM,STT,2026-12-22,2026-12-29,2,4,1,7269.00,USD,United,1,https://www.google.com/travel/flights?hl=en&gl=us&curr=USD&tfs=CBwQAhoeEgoyMDI2LTEyLTIyagcIARIDRFNNcgcIARIDU1RUGh4SCjIwMjYtMTItMjlqBwgBEgNTVFRyBwgBEgNEU01AAUABQAJAAkACQAJAA0gBcAGYAQE&tfu=EgIIAQ
2026-08-31T19:14:28Z,survey,serpapi,DSM,STT,2026-12-22,2026-12-29,2,4,1,4359.00,USD,American,1,https://www.google.com/travel/flights?hl=en&gl=us&curr=USD&tfs=CBwQAhoeEgoyMDI2LTEyLTIyagcIARIDRFNNcgcIARIDU1RUGh4SCjIwMjYtMTItMjlqBwgBEgNTVFRyBwgBEgNEU01AAUABQAJAAkACQAJAA0gBcAGYAQE&tfu=EgIIAQ
2026-08-31T19:14:28Z,survey,serpapi,DSM,STT,2026-12-22,2026-12-29,2,4,1,5367.00,USD,American,2,https://www.google.com/travel/flights?hl=en&gl=us&curr=USD&tfs=CBwQAhoeEgoyMDI2LTEyLTIyagcIARIDRFNNcgcIARIDU1RUGh4SCjIwMjYtMTItMjlqBwgBEgNTVFRyBwgBEgNEU01AAUABQAJAAkACQAJAA0gBcAGYAQE&tfu=EgIIAQ
2026-08-31T19:14:28Z,survey,serpapi,DSM,STT,2026-12-22,2026-12-29,2,4,1,6236.00,USD,United,1,https://www.google.com/travel/flights?hl=en&gl=us&curr=USD&tfs=CBwQAhoeEgoyMDI2LTEyLTIyagcIARIDRFNNcgcIARIDU1RUGh4SCjIwMjYtMTItMjlqBwgBEgNTVFRyBwgBEgNEU01AAUABQAJAAkACQAJAA0gBcAGYAQE&tfu=EgIIAQ
2026-08-31T19:14:28Z,survey,serpapi,DSM,STT,2026-12-22,2026-12-29,2,4,1,7467.00,USD,American,1,https://www.google.com/travel/flights?hl=en&gl=us&curr=USD&tfs=CBwQAhoeEgoyMDI2LTEyLTIyagcIARIDRFNNcgcIARIDU1RUGh4SCjIwMjYtMTItMjlqBwgBEgNTVFRyBwgBEgNEU01AAUABQAJAAkACQAJAA0gBcAGYAQE&tfu=EgIIAQ
2026-08-31T19:14:28Z,survey,serpapi,DSM,STT,2026-12-22,2026-12-29,2,4,1,9975.00,USD,Delta,1,https://www.google.com/travel/flights?hl=en&gl=us&curr=USD&tfs=CBwQAhoeEgoyMDI2LTEyLTIyagcIARIDRFNNcgcIARIDU1RUGh4SCjIwMjYtMTItMjlqBwgBEgNTVFRyBwgBEgNEU01AAUABQAJAAkACQAJAA0gBcAGYAQE&tfu=EgIIAQ
2026-08-31T19:14:28Z,survey,serpapi,DSM,STT,2026-12-22,2026-12-29,2,4,1,10503.00,USD,Southwest,2,https://www.google.com/travel/flights?hl=en&gl=us&curr=USD&tfs=CBwQAhoeEgoyMDI2LTEyLTIyagcIARIDRFNNcgcIARIDU1RUGh4SCjIwMjYtMTItMjlqBwgBEgNTVFRyBwgBEgNEU01AAUABQAJAAkACQAJAA0gBcAGYAQE&tfu=EgIIAQ
2026-08-31T19:14:33Z,survey,serpapi,DSM,STT,2027-01-05,2027-01-12,2,4,1,3351.00,USD,American,1,https://www.google.com/travel/flights?hl=en&gl=us&curr=USD&tfs=CBwQAhoeEgoyMDI3LTAxLTA1agcIARIDRFNNcgcIARIDU1RUGh4SCjIwMjctMDEtMTJqBwgBEgNTVFRyBwgBEgNEU01AAUABQAJAAkACQAJAA0gBcAGYAQE&tfu=EgIIAQ
2026-08-31T19:14:33Z,survey,serpapi,DSM,STT,2027-01-05,2027-01-12,2,4,1,3375.00,USD,United,1,https://www.google.com/travel/flights?hl=en&gl=us&curr=USD&tfs=CBwQAhoeEgoyMDI3LTAxLTA1agcIARIDRFNNcgcIARIDU1RUGh4SCjIwMjctMDEtMTJqBwgBEgNTVFRyBwgBEgNEU01AAUABQAJAAkACQAJAA0gBcAGYAQE&tfu=EgIIAQ
2026-08-31T19:14:33Z,survey,serpapi,DSM,STT,2027-01-05,2027-01-12,2,4,1,4434.00,USD,Delta,1,https://www.google.com/travel/flights?hl=en&gl=us&curr=USD&tfs=CBwQAhoeEgoyMDI3LTAxLTA1agcIARIDRFNNcgcIARIDU1RUGh4SCjIwMjctMDEtMTJqBwgBEgNTVFRyBwgBEgNEU01AAUABQAJAAkACQAJAA0gBcAGYAQE&tfu=EgIIAQ
2026-08-31T19:14:33Z,survey,serpapi,DSM,STT,2027-01-05,2027-01-12,2,4,1,2955.00,USD,American,2,https://www.google.com/travel/flights?hl=en&gl=us&curr=USD&tfs=CBwQAhoeEgoyMDI3LTAxLTA1agcIARIDRFNNcgcIARIDU1RUGh4SCjIwMjctMDEtMTJqBwgBEgNTVFRyBwgBEgNEU01AAUABQAJAAkACQAJAA0gBcAGYAQE&tfu=EgIIAQ
2026-08-31T19:14:33Z,survey,serpapi,DSM,STT,2027-01-05,2027-01-12,2,4,1,3350.00,USD,American,1,https://www.google.com/travel/flights?hl=en&gl=us&curr=USD&tfs=CBwQAhoeEgoyMDI3LTAxLTA1agcIARIDRFNNcgcIARIDU1RUGh4SCjIwMjctMDEtMTJqBwgBEgNTVFRyBwgBEgNEU01AAUABQAJAAkACQAJAA0gBcAGYAQE&tfu=EgIIAQ
2026-08-31T19:14:33Z,survey,serpapi,DSM,STT,2027-01-05,2027-01-12,2,4,1,4263.00,USD,American,1,https://www.google.com/travel/flights?hl=en&gl=us&curr=USD&tfs=CBwQAhoeEgoyMDI3LTAxLTA1agcIARIDRFNNcgcIARIDU1RUGh4SCjIwMjctMDEtMTJqBwgBEgNTVFRyBwgBEgNEU01AAUABQAJAAkACQAJAA0gBcAGYAQE&tfu=EgIIAQ
2026-08-31T19:14:33Z,survey,serpapi,DSM,STT,2027-01-05,2027-01-12,2,4,1,4263.00,USD,American,1,https://www.google.com/travel/flights?hl=en&gl=us&curr=USD&tfs=CBwQAhoeEgoyMDI3LTAxLTA1agcIARIDRFNNcgcIARIDU1RUGh4SCjIwMjctMDEtMTJqBwgBEgNTVFRyBwgBEgNEU01AAUABQAJAAkACQAJAA0gBcAGYAQE&tfu=EgIIAQ
2026-08-31T19:14:33Z,survey,serpapi,DSM,STT,2027-01-05,2027-01-12,2,4,1,5487.00,USD,American,1,https://www.google.com/travel/flights?hl=en&gl=us&curr=USD&tfs=CBwQAhoeEgoyMDI3LTAxLTA1agcIARIDRFNNcgcIARIDU1RUGh4SCjIwMjctMDEtMTJqBwgBEgNTVFRyBwgBEgNEU01AAUABQAJAAkACQAJAA0gBcAGYAQE&tfu=EgIIAQ
2026-08-31T19:14:38Z,survey,serpapi,DSM,STT,2027-01-19,2027-01-26,2,4,1,3075.00,USD,American,2,https://www.google.com/travel/flights?hl=en&gl=us&curr=USD&tfs=CBwQAhoeEgoyMDI3LTAxLTE5agcIARIDRFNNcgcIARIDU1RUGh4SCjIwMjctMDEtMjZqBwgBEgNTVFRyBwgBEgNEU01AAUABQAJAAkACQAJAA0gBcAGYAQE&tfu=EgIIAQ
2026-08-31T19:14:38Z,survey,serpapi,DSM,STT,2027-01-19,2027-01-26,2,4,1,3195.00,USD,American,2,https://www.google.com/travel/flights?hl=en&gl=us&curr=USD&tfs=CBwQAhoeEgoyMDI3LTAxLTE5agcIARIDRFNNcgcIARIDU1RUGh4SCjIwMjctMDEtMjZqBwgBEgNTVFRyBwgBEgNEU01AAUABQAJAAkACQAJAA0gBcAGYAQE&tfu=EgIIAQ
2026-08-31T19:14:38Z,survey,serpapi,DSM,STT,2027-01-19,2027-01-26,2,4,1,4200.00,USD,Delta,1,https://www.google.com/travel/flights?hl=en&gl=us&curr=USD&tfs=CBwQAhoeEgoyMDI3LTAxLTE5agcIARIDRFNNcgcIARIDU1RUGh4SCjIwMjctMDEtMjZqBwgBEgNTVFRyBwgBEgNEU01AAUABQAJAAkACQAJAA0gBcAGYAQE&tfu=EgIIAQ
2026-08-31T19:14:38Z,survey,serpapi,DSM,STT,2027-01-19,2027-01-26,2,4,1,3075.00,USD,American,2,https://www.google.com/travel/flights?hl=en&gl=us&curr=USD&tfs=CBwQAhoeEgoyMDI3LTAxLTE5agcIARIDRFNNcgcIARIDU1RUGh4SCjIwMjctMDEtMjZqBwgBEgNTVFRyBwgBEgNEU01AAUABQAJAAkACQAJAA0gBcAGYAQE&tfu=EgIIAQ
2026-08-31T19:14:38Z,survey,serpapi,DSM,STT,2027-01-19,2027-01-26,2,4,1,3075.00,USD,American,2,https://www.google.com/travel/flights?hl=en&gl=us&curr=USD&tfs=CBwQAhoeEgoyMDI3LTAxLTE5agcIARIDRFNNcgcIARIDU1RUGh4SCjIwMjctMDEtMjZqBwgBEgNTVFRyBwgBEgNEU01AAUABQAJAAkACQAJAA0gBcAGYAQE&tfu=EgIIAQ
2026-08-31T19:14:38Z,survey,serpapi,DSM,STT,2027-01-19,2027-01-26,2,4,1,3075.00,USD,American,2,https://www.google.com/travel/flights?hl=en&gl=us&curr=USD&tfs=CBwQAhoeEgoyMDI3LTAxLTE5agcIARIDRFNNcgcIARIDU1RUGh4SCjIwMjctMDEtMjZqBwgBEgNTVFRyBwgBEgNEU01AAUABQAJAAkACQAJAA0gBcAGYAQE&tfu=EgIIAQ
2026-08-31T19:14:38Z,survey,serpapi,DSM,STT,2027-01-19,2027-01-26,2,4,1,3075.00,USD,American,2,https://www.google.com/travel/flights?hl=en&gl=us&curr=USD&tfs=CBwQAhoeEgoyMDI3LTAxLTE5agcIARIDRFNNcgcIARIDU1RUGh4SCjIwMjctMDEtMjZqBwgBEgNTVFRyBwgBEgNEU01AAUABQAJAAkACQAJAA0gBcAGYAQE&tfu=EgIIAQ
2026-08-31T19:14:38Z,survey,serpapi,DSM,STT,2027-01-19,2027-01-26,2,4,1,3075.00,USD,American,2,https://www.google.com/travel/flights?hl=en&gl=us&curr=USD&tfs=CBwQAhoeEgoyMDI3LTAxLTE5agcIARIDRFNNcgcIARIDU1RUGh4SCjIwMjctMDEtMjZqBwgBEgNTVFRyBwgBEgNEU01AAUABQAJAAkACQAJAA0gBcAGYAQE&tfu=EgIIAQ
2026-08-31T19:14:38Z,survey,serpapi,DSM,STT,2027-01-19,2027-01-26,2,4,1,3075.00,USD,American,2,https://www.google.com/travel/flights?hl=en&gl=us&curr=USD&tfs=CBwQAhoeEgoyMDI3LTAxLTE5agcIARIDRFNNcgcIARIDU1RUGh4SCjIwMjctMDEtMjZqBwgBEgNTVFRyBwgBEgNEU01AAUABQAJAAkACQAJAA0gBcAGYAQE&tfu=EgIIAQ
2026-08-31T19:14:38Z,survey,serpapi,DSM,STT,2027-01-19,2027-01-26,2,4,1,4459.00,USD,United,2,https://www.google.com/travel/flights?hl=en&gl=us&curr=USD&tfs=CBwQAhoeEgoyMDI3LTAxLTE5agcIARIDRFNNcgcIARIDU1RUGh4SCjIwMjctMDEtMjZqBwgBEgNTVFRyBwgBEgNEU01AAUABQAJAAkACQAJAA0gBcAGYAQE&tfu=EgIIAQ
2026-08-31T19:14:46Z,survey,serpapi,DSM,STT,2027-02-02,2027-02-09,2,4,1,3351.00,USD,American,2,https://www.google.com/travel/flights?hl=en&gl=us&curr=USD&tfs=CBwQAhoeEgoyMDI3LTAyLTAyagcIARIDRFNNcgcIARIDU1RUGh4SCjIwMjctMDItMDlqBwgBEgNTVFRyBwgBEgNEU01AAUABQAJAAkACQAJAA0gBcAGYAQE&tfu=EgIIAQ
2026-08-31T19:14:46Z,survey,serpapi,DSM,STT,2027-02-02,2027-02-09,2,4,1,3711.00,USD,American,1,https://www.google.com/travel/flights?hl=en&gl=us&curr=USD&tfs=CBwQAhoeEgoyMDI3LTAyLTAyagcIARIDRFNNcgcIARIDU1RUGh4SCjIwMjctMDItMDlqBwgBEgNTVFRyBwgBEgNEU01AAUABQAJAAkACQAJAA0gBcAGYAQE&tfu=EgIIAQ
2026-08-31T19:14:46Z,survey,serpapi,DSM,STT,2027-02-02,2027-02-09,2,4,1,6261.00,USD,Delta,1,https://www.google.com/travel/flights?hl=en&gl=us&curr=USD&tfs=CBwQAhoeEgoyMDI3LTAyLTAyagcIARIDRFNNcgcIARIDU1RUGh4SCjIwMjctMDItMDlqBwgBEgNTVFRyBwgBEgNEU01AAUABQAJAAkACQAJAA0gBcAGYAQE&tfu=EgIIAQ
2026-08-31T19:14:46Z,survey,serpapi,DSM,STT,2027-02-02,2027-02-09,2,4,1,4459.00,USD,United,2,https://www.google.com/travel/flights?hl=en&gl=us&curr=USD&tfs=CBwQAhoeEgoyMDI3LTAyLTAyagcIARIDRFNNcgcIARIDU1RUGh4SCjIwMjctMDItMDlqBwgBEgNTVFRyBwgBEgNEU01AAUABQAJAAkACQAJAA0gBcAGYAQE&tfu=EgIIAQ
2026-08-31T19:14:46Z,survey,serpapi,DSM,STT,2027-02-02,2027-02-09,2,4,1,5351.00,USD,United,1,https://www.google.com/travel/flights?hl=en&gl=us&curr=USD&tfs=CBwQAhoeEgoyMDI3LTAyLTAyagcIARIDRFNNcgcIARIDU1RUGh4SCjIwMjctMDItMDlqBwgBEgNTVFRyBwgBEgNEU01AAUABQAJAAkACQAJAA0gBcAGYAQE&tfu=EgIIAQ
2026-08-31T19:14:46Z,survey,serpapi,DSM,STT,2027-02-02,2027-02-09,2,4,1,6029.00,USD,American,1,https://www.google.com/travel/flights?hl=en&gl=us&curr=USD&tfs=CBwQAhoeEgoyMDI3LTAyLTAyagcIARIDRFNNcgcIARIDU1RUGh4SCjIwMjctMDItMDlqBwgBEgNTVFRyBwgBEgNEU01AAUABQAJAAkACQAJAA0gBcAGYAQE&tfu=EgIIAQ
2026-08-31T19:14:52Z,survey,serpapi,DSM,STT,2027-02-16,2027-02-23,2,4,1,3711.00,USD,American,1,https://www.google.com/travel/flights?hl=en&gl=us&curr=USD&tfs=CBwQAhoeEgoyMDI3LTAyLTE2agcIARIDRFNNcgcIARIDU1RUGh4SCjIwMjctMDItMjNqBwgBEgNTVFRyBwgBEgNEU01AAUABQAJAAkACQAJAA0gBcAGYAQE&tfu=EgIIAQ
2026-08-31T19:14:52Z,survey,serpapi,DSM,STT,2027-02-16,2027-02-23,2,4,1,3711.00,USD,American,1,https://www.google.com/travel/flights?hl=en&gl=us&curr=USD&tfs=CBwQAhoeEgoyMDI3LTAyLTE2agcIARIDRFNNcgcIARIDU1RUGh4SCjIwMjctMDItMjNqBwgBEgNTVFRyBwgBEgNEU01AAUABQAJAAkACQAJAA0gBcAGYAQE&tfu=EgIIAQ
2026-08-31T19:14:52Z,survey,serpapi,DSM,STT,2027-02-16,2027-02-23,2,4,1,5016.00,USD,Delta,1,https://www.google.com/travel/flights?hl=en&gl=us&curr=USD&tfs=CBwQAhoeEgoyMDI3LTAyLTE2agcIARIDRFNNcgcIARIDU1RUGh4SCjIwMjctMDItMjNqBwgBEgNTVFRyBwgBEgNEU01AAUABQAJAAkACQAJAA0gBcAGYAQE&tfu=EgIIAQ
2026-08-31T19:14:52Z,survey,serpapi,DSM,STT,2027-02-16,2027-02-23,2,4,1,2955.00,USD,American,2,https://www.google.com/travel/flights?hl=en&gl=us&curr=USD&tfs=CBwQAhoeEgoyMDI3LTAyLTE2agcIARIDRFNNcgcIARIDU1RUGh4SCjIwMjctMDItMjNqBwgBEgNTVFRyBwgBEgNEU01AAUABQAJAAkACQAJAA0gBcAGYAQE&tfu=EgIIAQ
2026-08-31T19:14:52Z,survey,serpapi,DSM,STT,2027-02-16,2027-02-23,2,4,1,2955.00,USD,American,2,https://www.google.com/travel/flights?hl=en&gl=us&curr=USD&tfs=CBwQAhoeEgoyMDI3LTAyLTE2agcIARIDRFNNcgcIARIDU1RUGh4SCjIwMjctMDItMjNqBwgBEgNTVFRyBwgBEgNEU01AAUABQAJAAkACQAJAA0gBcAGYAQE&tfu=EgIIAQ
2026-08-31T19:14:52Z,survey,serpapi,DSM,STT,2027-02-16,2027-02-23,2,4,1,2955.00,USD,American,2,https://www.google.com/travel/flights?hl=en&gl=us&curr=USD&tfs=CBwQAhoeEgoyMDI3LTAyLTE2agcIARIDRFNNcgcIARIDU1RUGh4SCjIwMjctMDItMjNqBwgBEgNTVFRyBwgBEgNEU01AAUABQAJAAkACQAJAA0gBcAGYAQE&tfu=EgIIAQ
2026-08-31T19:14:52Z,survey,serpapi,DSM,STT,2027-02-16,2027-02-23,2,4,1,2955.00,USD,American,2,https://www.google.com/travel/flights?hl=en&gl=us&curr=USD&tfs=CBwQAhoeEgoyMDI3LTAyLTE2agcIARIDRFNNcgcIARIDU1RUGh4SCjIwMjctMDItMjNqBwgBEgNTVFRyBwgBEgNEU01AAUABQAJAAkACQAJAA0gBcAGYAQE&tfu=EgIIAQ
2026-08-31T19:14:52Z,survey,serpapi,DSM,STT,2027-02-16,2027-02-23,2,4,1,2955.00,USD,American,2,https://www.google.com/travel/flights?hl=en&gl=us&curr=USD&tfs=CBwQAhoeEgoyMDI3LTAyLTE2agcIARIDRFNNcgcIARIDU1RUGh4SCjIwMjctMDItMjNqBwgBEgNTVFRyBwgBEgNEU01AAUABQAJAAkACQAJAA0gBcAGYAQE&tfu=EgIIAQ
2026-08-31T19:14:52Z,survey,serpapi,DSM,STT,2027-02-16,2027-02-23,2,4,1,2955.00,USD,American,2,https://www.google.com/travel/flights?hl=en&gl=us&curr=USD&tfs=CBwQAhoeEgoyMDI3LTAyLTE2agcIARIDRFNNcgcIARIDU1RUGh4SCjIwMjctMDItMjNqBwgBEgNTVFRyBwgBEgNEU01AAUABQAJAAkACQAJAA0gBcAGYAQE&tfu=EgIIAQ
2026-08-31T19:14:52Z,survey,serpapi,DSM,STT,2027-02-16,2027-02-23,2,4,1,2955.00,USD,American,2,https://www.google.com/travel/flights?hl=en&gl=us&curr=USD&tfs=CBwQAhoeEgoyMDI3LTAyLTE2agcIARIDRFNNcgcIARIDU1RUGh4SCjIwMjctMDItMjNqBwgBEgNTVFRyBwgBEgNEU01AAUABQAJAAkACQAJAA0gBcAGYAQE&tfu=EgIIAQ
2026-08-31T19:14:52Z,survey,serpapi,DSM,STT,2027-02-16,2027-02-23,2,4,1,2955.00,USD,American,2,https://www.google.com/travel/flights?hl=en&gl=us&curr=USD&tfs=CBwQAhoeEgoyMDI3LTAyLTE2agcIARIDRFNNcgcIARIDU1RUGh4SCjIwMjctMDItMjNqBwgBEgNTVFRyBwgBEgNEU01AAUABQAJAAkACQAJAA0gBcAGYAQE&tfu=EgIIAQ
2026-08-31T19:14:52Z,survey,serpapi,DSM,STT,2027-02-16,2027-02-23,2,4,1,2955.00,USD,American,1,https://www.google.com/travel/flights?hl=en&gl=us&curr=USD&tfs=CBwQAhoeEgoyMDI3LTAyLTE2agcIARIDRFNNcgcIARIDU1RUGh4SCjIwMjctMDItMjNqBwgBEgNTVFRyBwgBEgNEU01AAUABQAJAAkACQAJAA0gBcAGYAQE&tfu=EgIIAQ
2026-08-31T19:14:52Z,survey,serpapi,DSM,STT,2027-02-16,2027-02-23,2,4,1,5330.00,USD,United,2,https://www.google.com/travel/flights?hl=en&gl=us&curr=USD&tfs=CBwQAhoeEgoyMDI3LTAyLTE2agcIARIDRFNNcgcIARIDU1RUGh4SCjIwMjctMDItMjNqBwgBEgNTVFRyBwgBEgNEU01AAUABQAJAAkACQAJAA0gBcAGYAQE&tfu=EgIIAQ
2026-08-31T19:14:52Z,survey,serpapi,DSM,STT,2027-02-16,2027-02-23,2,4,1,5459.00,USD,United,2,https://www.google.com/travel/flights?hl=en&gl=us&curr=USD&tfs=CBwQAhoeEgoyMDI3LTAyLTE2agcIARIDRFNNcgcIARIDU1RUGh4SCjIwMjctMDItMjNqBwgBEgNTVFRyBwgBEgNEU01AAUABQAJAAkACQAJAA0gBcAGYAQE&tfu=EgIIAQ
2026-08-31T19:14:52Z,survey,serpapi,DSM,STT,2027-02-16,2027-02-23,2,4,1,6261.00,USD,Delta,1,https://www.google.com/travel/flights?hl=en&gl=us&curr=USD&tfs=CBwQAhoeEgoyMDI3LTAyLTE2agcIARIDRFNNcgcIARIDU1RUGh4SCjIwMjctMDItMjNqBwgBEgNTVFRyBwgBEgNEU01AAUABQAJAAkACQAJAA0gBcAGYAQE&tfu=EgIIAQ
2026-08-31T19:15:08Z,survey,serpapi,DSM,STT,2027-03-02,2027-03-09,2,4,1,2955.00,USD,Delta,1,https://www.google.com/travel/flights?hl=en&gl=us&curr=USD&tfs=CBwQAhoeEgoyMDI3LTAzLTAyagcIARIDRFNNcgcIARIDU1RUGh4SCjIwMjctMDMtMDlqBwgBEgNTVFRyBwgBEgNEU01AAUABQAJAAkACQAJAA0gBcAGYAQE&tfu=EgIIAQ
2026-08-31T19:15:08Z,survey,serpapi,DSM,STT,2027-03-02,2027-03-09,2,4,1,2955.00,USD,American,1,https://www.google.com/travel/flights?hl=en&gl=us&curr=USD&tfs=CBwQAhoeEgoyMDI3LTAzLTAyagcIARIDRFNNcgcIARIDU1RUGh4SCjIwMjctMDMtMDlqBwgBEgNTVFRyBwgBEgNEU01AAUABQAJAAkACQAJAA0gBcAGYAQE&tfu=EgIIAQ
2026-08-31T19:15:08Z,survey,serpapi,DSM,STT,2027-03-02,2027-03-09,2,4,1,2955.00,USD,American,1,https://www.google.com/travel/flights?hl=en&gl=us&curr=USD&tfs=CBwQAhoeEgoyMDI3LTAzLTAyagcIARIDRFNNcgcIARIDU1RUGh4SCjIwMjctMDMtMDlqBwgBEgNTVFRyBwgBEgNEU01AAUABQAJAAkACQAJAA0gBcAGYAQE&tfu=EgIIAQ
2026-08-31T19:15:08Z,survey,serpapi,DSM,STT,2027-03-02,2027-03-09,2,4,1,2955.00,USD,American,2,https://www.google.com/travel/flights?hl=en&gl=us&curr=USD&tfs=CBwQAhoeEgoyMDI3LTAzLTAyagcIARIDRFNNcgcIARIDU1RUGh4SCjIwMjctMDMtMDlqBwgBEgNTVFRyBwgBEgNEU01AAUABQAJAAkACQAJAA0gBcAGYAQE&tfu=EgIIAQ
2026-08-31T19:15:08Z,survey,serpapi,DSM,STT,2027-03-02,2027-03-09,2,4,1,2955.00,USD,American,2,https://www.google.com/travel/flights?hl=en&gl=us&curr=USD&tfs=CBwQAhoeEgoyMDI3LTAzLTAyagcIARIDRFNNcgcIARIDU1RUGh4SCjIwMjctMDMtMDlqBwgBEgNTVFRyBwgBEgNEU01AAUABQAJAAkACQAJAA0gBcAGYAQE&tfu=EgIIAQ
2026-08-31T19:15:08Z,survey,serpapi,DSM,STT,2027-03-02,2027-03-09,2,4,1,2955.00,USD,American,2,https://www.google.com/travel/flights?hl=en&gl=us&curr=USD&tfs=CBwQAhoeEgoyMDI3LTAzLTAyagcIARIDRFNNcgcIARIDU1RUGh4SCjIwMjctMDMtMDlqBwgBEgNTVFRyBwgBEgNEU01AAUABQAJAAkACQAJAA0gBcAGYAQE&tfu=EgIIAQ
2026-08-31T19:15:08Z,survey,serpapi,DSM,STT,2027-03-02,2027-03-09,2,4,1,2955.00,USD,American,1,https://www.google.com/travel/flights?hl=en&gl=us&curr=USD&tfs=CBwQAhoeEgoyMDI3LTAzLTAyagcIARIDRFNNcgcIARIDU1RUGh4SCjIwMjctMDMtMDlqBwgBEgNTVFRyBwgBEgNEU01AAUABQAJAAkACQAJAA0gBcAGYAQE&tfu=EgIIAQ
2026-08-31T19:15:08Z,survey,serpapi,DSM,STT,2027-03-02,2027-03-09,2,4,1,4141.00,USD,United,2,https://www.google.com/travel/flights?hl=en&gl=us&curr=USD&tfs=CBwQAhoeEgoyMDI3LTAzLTAyagcIARIDRFNNcgcIARIDU1RUGh4SCjIwMjctMDMtMDlqBwgBEgNTVFRyBwgBEgNEU01AAUABQAJAAkACQAJAA0gBcAGYAQE&tfu=EgIIAQ
2026-08-31T19:15:08Z,survey,serpapi,DSM,STT,2027-03-02,2027-03-09,2,4,1,4457.00,USD,United,1,https://www.google.com/travel/flights?hl=en&gl=us&curr=USD&tfs=CBwQAhoeEgoyMDI3LTAzLTAyagcIARIDRFNNcgcIARIDU1RUGh4SCjIwMjctMDMtMDlqBwgBEgNTVFRyBwgBEgNEU01AAUABQAJAAkACQAJAA0gBcAGYAQE&tfu=EgIIAQ
2026-08-31T19:15:08Z,survey,serpapi,DSM,STT,2027-03-02,2027-03-09,2,4,1,20214.00,USD,United,1,https://www.google.com/travel/flights?hl=en&gl=us&curr=USD&tfs=CBwQAhoeEgoyMDI3LTAzLTAyagcIARIDRFNNcgcIARIDU1RUGh4SCjIwMjctMDMtMDlqBwgBEgNTVFRyBwgBEgNEU01AAUABQAJAAkACQAJAA0gBcAGYAQE&tfu=EgIIAQ
2026-08-31T19:15:08Z,survey,serpapi,DSM,STT,2027-03-02,2027-03-09,2,4,1,31818.00,USD,United,2,https://www.google.com/travel/flights?hl=en&gl=us&curr=USD&tfs=CBwQAhoeEgoyMDI3LTAzLTAyagcIARIDRFNNcgcIARIDU1RUGh4SCjIwMjctMDMtMDlqBwgBEgNTVFRyBwgBEgNEU01AAUABQAJAAkACQAJAA0gBcAGYAQE&tfu=EgIIAQ
2026-08-31T19:15:31Z,survey,serpapi,DSM,STT,2027-03-16,2027-03-23,2,4,1,2955.00,USD,American,1,https://www.google.com/travel/flights?hl=en&gl=us&curr=USD&tfs=CBwQAhoeEgoyMDI3LTAzLTE2agcIARIDRFNNcgcIARIDU1RUGh4SCjIwMjctMDMtMjNqBwgBEgNTVFRyBwgBEgNEU01AAUABQAJAAkACQAJAA0gBcAGYAQE&tfu=EgIIAQ
2026-08-31T19:15:31Z,survey,serpapi,DSM,STT,2027-03-16,2027-03-23,2,4,1,3711.00,USD,American,1,https://www.google.com/travel/flights?hl=en&gl=us&curr=USD&tfs=CBwQAhoeEgoyMDI3LTAzLTE2agcIARIDRFNNcgcIARIDU1RUGh4SCjIwMjctMDMtMjNqBwgBEgNTVFRyBwgBEgNEU01AAUABQAJAAkACQAJAA0gBcAGYAQE&tfu=EgIIAQ
2026-08-31T19:15:31Z,survey,serpapi,DSM,STT,2027-03-16,2027-03-23,2,4,1,4263.00,USD,American,1,https://www.google.com/travel/flights?hl=en&gl=us&curr=USD&tfs=CBwQAhoeEgoyMDI3LTAzLTE2agcIARIDRFNNcgcIARIDU1RUGh4SCjIwMjctMDMtMjNqBwgBEgNTVFRyBwgBEgNEU01AAUABQAJAAkACQAJAA0gBcAGYAQE&tfu=EgIIAQ
2026-08-31T19:15:31Z,survey,serpapi,DSM,STT,2027-03-16,2027-03-23,2,4,1,5016.00,USD,Delta,1,https://www.google.com/travel/flights?hl=en&gl=us&curr=USD&tfs=CBwQAhoeEgoyMDI3LTAzLTE2agcIARIDRFNNcgcIARIDU1RUGh4SCjIwMjctMDMtMjNqBwgBEgNTVFRyBwgBEgNEU01AAUABQAJAAkACQAJAA0gBcAGYAQE&tfu=EgIIAQ
2026-08-31T19:15:31Z,survey,serpapi,DSM,STT,2027-03-16,2027-03-23,2,4,1,5250.00,USD,Delta,1,https://www.google.com/travel/flights?hl=en&gl=us&curr=USD&tfs=CBwQAhoeEgoyMDI3LTAzLTE2agcIARIDRFNNcgcIARIDU1RUGh4SCjIwMjctMDMtMjNqBwgBEgNTVFRyBwgBEgNEU01AAUABQAJAAkACQAJAA0gBcAGYAQE&tfu=EgIIAQ
2026-08-31T19:15:31Z,survey,serpapi,DSM,STT,2027-03-16,2027-03-23,2,4,1,5608.00,USD,United,1,https://www.google.com/travel/flights?hl=en&gl=us&curr=USD&tfs=CBwQAhoeEgoyMDI3LTAzLTE2agcIARIDRFNNcgcIARIDU1RUGh4SCjIwMjctMDMtMjNqBwgBEgNTVFRyBwgBEgNEU01AAUABQAJAAkACQAJAA0gBcAGYAQE&tfu=EgIIAQ
2026-08-31T19:15:31Z,survey,serpapi,DSM,STT,2027-03-16,2027-03-23,2,4,1,5777.00,USD,American,1,https://www.google.com/travel/flights?hl=en&gl=us&curr=USD&tfs=CBwQAhoeEgoyMDI3LTAzLTE2agcIARIDRFNNcgcIARIDU1RUGh4SCjIwMjctMDMtMjNqBwgBEgNTVFRyBwgBEgNEU01AAUABQAJAAkACQAJAA0gBcAGYAQE&tfu=EgIIAQ
2026-08-31T19:15:51Z,survey,serpapi,DSM,STT,2027-03-30,2027-04-06,2,4,1,2955.00,USD,Delta,1,https://www.google.com/travel/flights?hl=en&gl=us&curr=USD&tfs=CBwQAhoeEgoyMDI3LTAzLTMwagcIARIDRFNNcgcIARIDU1RUGh4SCjIwMjctMDQtMDZqBwgBEgNTVFRyBwgBEgNEU01AAUABQAJAAkACQAJAA0gBcAGYAQE&tfu=EgIIAQ
2026-08-31T19:15:51Z,survey,serpapi,DSM,STT,2027-03-30,2027-04-06,2,4,1,3351.00,USD,American,1,https://www.google.com/travel/flights?hl=en&gl=us&curr=USD&tfs=CBwQAhoeEgoyMDI3LTAzLTMwagcIARIDRFNNcgcIARIDU1RUGh4SCjIwMjctMDQtMDZqBwgBEgNTVFRyBwgBEgNEU01AAUABQAJAAkACQAJAA0gBcAGYAQE&tfu=EgIIAQ
2026-08-31T19:15:51Z,survey,serpapi,DSM,STT,2027-03-30,2027-04-06,2,4,1,3663.00,USD,United,1,https://www.google.com/travel/flights?hl=en&gl=us&curr=USD&tfs=CBwQAhoeEgoyMDI3LTAzLTMwagcIARIDRFNNcgcIARIDU1RUGh4SCjIwMjctMDQtMDZqBwgBEgNTVFRyBwgBEgNEU01AAUABQAJAAkACQAJAA0gBcAGYAQE&tfu=EgIIAQ
2026-08-31T19:15:51Z,survey,serpapi,DSM,STT,2027-03-30,2027-04-06,2,4,1,3351.00,USD,American,1,https://www.google.com/travel/flights?hl=en&gl=us&curr=USD&tfs=CBwQAhoeEgoyMDI3LTAzLTMwagcIARIDRFNNcgcIARIDU1RUGh4SCjIwMjctMDQtMDZqBwgBEgNTVFRyBwgBEgNEU01AAUABQAJAAkACQAJAA0gBcAGYAQE&tfu=EgIIAQ
2026-08-31T19:15:51Z,survey,serpapi,DSM,STT,2027-03-30,2027-04-06,2,4,1,4973.00,USD,United,1,https://www.google.com/travel/flights?hl=en&gl=us&curr=USD&tfs=CBwQAhoeEgoyMDI3LTAzLTMwagcIARIDRFNNcgcIARIDU1RUGh4SCjIwMjctMDQtMDZqBwgBEgNTVFRyBwgBEgNEU01AAUABQAJAAkACQAJAA0gBcAGYAQE&tfu=EgIIAQ
2026-08-31T19:15:51Z,survey,serpapi,DSM,STT,2027-03-30,2027-04-06,2,4,1,6173.00,USD,American,1,https://www.google.com/travel/flights?hl=en&gl=us&curr=USD&tfs=CBwQAhoeEgoyMDI3LTAzLTMwagcIARIDRFNNcgcIARIDU1RUGh4SCjIwMjctMDQtMDZqBwgBEgNTVFRyBwgBEgNEU01AAUABQAJAAkACQAJAA0gBcAGYAQE&tfu=EgIIAQ
2026-08-31T19:16:09Z,survey,serpapi,DSM,STT,2027-04-13,2027-04-20,2,4,1,3075.00,USD,American,1,https://www.google.com/travel/flights?hl=en&gl=us&curr=USD&tfs=CBwQAhoeEgoyMDI3LTA0LTEzagcIARIDRFNNcgcIARIDU1RUGh4SCjIwMjctMDQtMjBqBwgBEgNTVFRyBwgBEgNEU01AAUABQAJAAkACQAJAA0gBcAGYAQE&tfu=EgIIAQ
2026-08-31T19:16:09Z,survey,serpapi,DSM,STT,2027-04-13,2027-04-20,2,4,1,3189.00,USD,Delta,1,https://www.google.com/travel/flights?hl=en&gl=us&curr=USD&tfs=CBwQAhoeEgoyMDI3LTA0LTEzagcIARIDRFNNcgcIARIDU1RUGh4SCjIwMjctMDQtMjBqBwgBEgNTVFRyBwgBEgNEU01AAUABQAJAAkACQAJAA0gBcAGYAQE&tfu=EgIIAQ
2026-08-31T19:16:09Z,survey,serpapi,DSM,STT,2027-04-13,2027-04-20,2,4,1,3267.00,USD,United,1,https://www.google.com/travel/flights?hl=en&gl=us&curr=USD&tfs=CBwQAhoeEgoyMDI3LTA0LTEzagcIARIDRFNNcgcIARIDU1RUGh4SCjIwMjctMDQtMjBqBwgBEgNTVFRyBwgBEgNEU01AAUABQAJAAkACQAJAA0gBcAGYAQE&tfu=EgIIAQ
2026-08-31T19:16:09Z,survey,serpapi,DSM,STT,2027-04-13,2027-04-20,2,4,1,2955.00,USD,American,2,https://www.google.com/travel/flights?hl=en&gl=us&curr=USD&tfs=CBwQAhoeEgoyMDI3LTA0LTEzagcIARIDRFNNcgcIARIDU1RUGh4SCjIwMjctMDQtMjBqBwgBEgNTVFRyBwgBEgNEU01AAUABQAJAAkACQAJAA0gBcAGYAQE&tfu=EgIIAQ
2026-08-31T19:16:09Z,survey,serpapi,DSM,STT,2027-04-13,2027-04-20,2,4,1,2955.00,USD,American,2,https://www.google.com/travel/flights?hl=en&gl=us&curr=USD&tfs=CBwQAhoeEgoyMDI3LTA0LTEzagcIARIDRFNNcgcIARIDU1RUGh4SCjIwMjctMDQtMjBqBwgBEgNTVFRyBwgBEgNEU01AAUABQAJAAkACQAJAA0gBcAGYAQE&tfu=EgIIAQ
2026-08-31T19:16:09Z,survey,serpapi,DSM,STT,2027-04-13,2027-04-20,2,4,1,2955.00,USD,American,2,https://www.google.com/travel/flights?hl=en&gl=us&curr=USD&tfs=CBwQAhoeEgoyMDI3LTA0LTEzagcIARIDRFNNcgcIARIDU1RUGh4SCjIwMjctMDQtMjBqBwgBEgNTVFRyBwgBEgNEU01AAUABQAJAAkACQAJAA0gBcAGYAQE&tfu=EgIIAQ
2026-08-31T19:16:09Z,survey,serpapi,DSM,STT,2027-04-13,2027-04-20,2,4,1,2955.00,USD,American,2,https://www.google.com/travel/flights?hl=en&gl=us&curr=USD&tfs=CBwQAhoeEgoyMDI3LTA0LTEzagcIARIDRFNNcgcIARIDU1RUGh4SCjIwMjctMDQtMjBqBwgBEgNTVFRyBwgBEgNEU01AAUABQAJAAkACQAJAA0gBcAGYAQE&tfu=EgIIAQ
2026-08-31T19:16:09Z,survey,serpapi,DSM,STT,2027-04-13,2027-04-20,2,4,1,2955.00,USD,American,2,https://www.google.com/travel/flights?hl=en&gl=us&curr=USD&tfs=CBwQAhoeEgoyMDI3LTA0LTEzagcIARIDRFNNcgcIARIDU1RUGh4SCjIwMjctMDQtMjBqBwgBEgNTVFRyBwgBEgNEU01AAUABQAJAAkACQAJAA0gBcAGYAQE&tfu=EgIIAQ
2026-08-31T19:16:09Z,survey,serpapi,DSM,STT,2027-04-13,2027-04-20,2,4,1,2955.00,USD,American,2,https://www.google.com/travel/flights?hl=en&gl=us&curr=USD&tfs=CBwQAhoeEgoyMDI3LTA0LTEzagcIARIDRFNNcgcIARIDU1RUGh4SCjIwMjctMDQtMjBqBwgBEgNTVFRyBwgBEgNEU01AAUABQAJAAkACQAJAA0gBcAGYAQE&tfu=EgIIAQ
2026-08-31T19:16:09Z,survey,serpapi,DSM,STT,2027-04-13,2027-04-20,2,4,1,3207.00,USD,American,2,https://www.google.com/travel/flights?hl=en&gl=us&curr=USD&tfs=CBwQAhoeEgoyMDI3LTA0LTEzagcIARIDRFNNcgcIARIDU1RUGh4SCjIwMjctMDQtMjBqBwgBEgNTVFRyBwgBEgNEU01AAUABQAJAAkACQAJAA0gBcAGYAQE&tfu=EgIIAQ
2026-08-31T19:16:09Z,survey,serpapi,DSM,STT,2027-04-13,2027-04-20,2,4,1,23435.00,USD,Delta,1,https://www.google.com/travel/flights?hl=en&gl=us&curr=USD&tfs=CBwQAhoeEgoyMDI3LTA0LTEzagcIARIDRFNNcgcIARIDU1RUGh4SCjIwMjctMDQtMjBqBwgBEgNTVFRyBwgBEgNEU01AAUABQAJAAkACQAJAA0gBcAGYAQE&tfu=EgIIAQ
2026-08-31T19:16:09Z,survey,serpapi,DSM,STT,2027-04-13,2027-04-20,2,4,1,89612.00,USD,United,2,https://www.google.com/travel/flights?hl=en&gl=us&curr=USD&tfs=CBwQAhoeEgoyMDI3LTA0LTEzagcIARIDRFNNcgcIARIDU1RUGh4SCjIwMjctMDQtMjBqBwgBEgNTVFRyBwgBEgNEU01AAUABQAJAAkACQAJAA0gBcAGYAQE&tfu=EgIIAQ
2026-08-31T19:16:25Z,survey,serpapi,DSM,STT,2027-04-27,2027-05-04,2,4,1,2955.00,USD,American,1,https://www.google.com/travel/flights?hl=en&gl=us&curr=USD&tfs=CBwQAhoeEgoyMDI3LTA0LTI3agcIARIDRFNNcgcIARIDU1RUGh4SCjIwMjctMDUtMDRqBwgBEgNTVFRyBwgBEgNEU01AAUABQAJAAkACQAJAA0gBcAGYAQE&tfu=EgIIAQ
2026-08-31T19:16:25Z,survey,serpapi,DSM,STT,2027-04-27,2027-05-04,2,4,1,2955.00,USD,American,2,https://www.google.com/travel/flights?hl=en&gl=us&curr=USD&tfs=CBwQAhoeEgoyMDI3LTA0LTI3agcIARIDRFNNcgcIARIDU1RUGh4SCjIwMjctMDUtMDRqBwgBEgNTVFRyBwgBEgNEU01AAUABQAJAAkACQAJAA0gBcAGYAQE&tfu=EgIIAQ
2026-08-31T19:16:25Z,survey,serpapi,DSM,STT,2027-04-27,2027-05-04,2,4,1,4136.00,USD,United,1,https://www.google.com/travel/flights?hl=en&gl=us&curr=USD&tfs=CBwQAhoeEgoyMDI3LTA0LTI3agcIARIDRFNNcgcIARIDU1RUGh4SCjIwMjctMDUtMDRqBwgBEgNTVFRyBwgBEgNEU01AAUABQAJAAkACQAJAA0gBcAGYAQE&tfu=EgIIAQ
2026-08-31T19:16:25Z,survey,serpapi,DSM,STT,2027-04-27,2027-05-04,2,4,1,4200.00,USD,Delta,1,https://www.google.com/travel/flights?hl=en&gl=us&curr=USD&tfs=CBwQAhoeEgoyMDI3LTA0LTI3agcIARIDRFNNcgcIARIDU1RUGh4SCjIwMjctMDUtMDRqBwgBEgNTVFRyBwgBEgNEU01AAUABQAJAAkACQAJAA0gBcAGYAQE&tfu=EgIIAQ
2026-08-31T19:16:25Z,survey,serpapi,DSM,STT,2027-04-27,2027-05-04,2,4,1,5445.00,USD,Delta,1,https://www.google.com/travel/flights?hl=en&gl=us&curr=USD&tfs=CBwQAhoeEgoyMDI3LTA0LTI3agcIARIDRFNNcgcIARIDU1RUGh4SCjIwMjctMDUtMDRqBwgBEgNTVFRyBwgBEgNEU01AAUABQAJAAkACQAJAA0gBcAGYAQE&tfu=EgIIAQ
2026-08-31T19:16:25Z,survey,serpapi,DSM,STT,2027-04-27,2027-05-04,2,4,1,2955.00,USD,American,2,https://www.google.com/travel/flights?hl=en&gl=us&curr=USD&tfs=CBwQAhoeEgoyMDI3LTA0LTI3agcIARIDRFNNcgcIARIDU1RUGh4SCjIwMjctMDUtMDRqBwgBEgNTVFRyBwgBEgNEU01AAUABQAJAAkACQAJAA0gBcAGYAQE&tfu=EgIIAQ
2026-08-31T19:16:25Z,survey,serpapi,DSM,STT,2027-04-27,2027-05-04,2,4,1,2955.00,USD,American,2,https://www.google.com/travel/flights?hl=en&gl=us&curr=USD&tfs=CBwQAhoeEgoyMDI3LTA0LTI3agcIARIDRFNNcgcIARIDU1RUGh4SCjIwMjctMDUtMDRqBwgBEgNTVFRyBwgBEgNEU01AAUABQAJAAkACQAJAA0gBcAGYAQE&tfu=EgIIAQ
2026-08-31T19:16:25Z,survey,serpapi,DSM,STT,2027-04-27,2027-05-04,2,4,1,2955.00,USD,American,2,https://www.google.com/travel/flights?hl=en&gl=us&curr=USD&tfs=CBwQAhoeEgoyMDI3LTA0LTI3agcIARIDRFNNcgcIARIDU1RUGh4SCjIwMjctMDUtMDRqBwgBEgNTVFRyBwgBEgNEU01AAUABQAJAAkACQAJAA0gBcAGYAQE&tfu=EgIIAQ
2026-08-31T19:16:25Z,survey,serpapi,DSM,STT,2027-04-27,2027-05-04,2,4,1,2955.00,USD,American,2,https://www.google.com/travel/flights?hl=en&gl=us&curr=USD&tfs=CBwQAhoeEgoyMDI3LTA0LTI3agcIARIDRFNNcgcIARIDU1RUGh4SCjIwMjctMDUtMDRqBwgBEgNTVFRyBwgBEgNEU01AAUABQAJAAkACQAJAA0gBcAGYAQE&tfu=EgIIAQ
2026-08-31T19:16:25Z,survey,serpapi,DSM,STT,2027-04-27,2027-05-04,2,4,1,3075.00,USD,American,2,https://www.google.com/travel/flights?hl=en&gl=us&curr=USD&tfs=CBwQAhoeEgoyMDI3LTA0LTI3agcIARIDRFNNcgcIARIDU1RUGh4SCjIwMjctMDUtMDRqBwgBEgNTVFRyBwgBEgNEU01AAUABQAJAAkACQAJAA0gBcAGYAQE&tfu=EgIIAQ
2026-08-31T19:16:25Z,survey,serpapi,DSM,STT,2027-04-27,2027-05-04,2,4,1,3075.00,USD,American,2,https://www.google.com/travel/flights?hl=en&gl=us&curr=USD&tfs=CBwQAhoeEgoyMDI3LTA0LTI3agcIARIDRFNNcgcIARIDU1RUGh4SCjIwMjctMDUtMDRqBwgBEgNTVFRyBwgBEgNEU01AAUABQAJAAkACQAJAA0gBcAGYAQE&tfu=EgIIAQ
2026-08-31T19:16:25Z,survey,serpapi,DSM,STT,2027-04-27,2027-05-04,2,4,1,3075.00,USD,American,2,https://www.google.com/travel/flights?hl=en&gl=us&curr=USD&tfs=CBwQAhoeEgoyMDI3LTA0LTI3agcIARIDRFNNcgcIARIDU1RUGh4SCjIwMjctMDUtMDRqBwgBEgNTVFRyBwgBEgNEU01AAUABQAJAAkACQAJAA0gBcAGYAQE&tfu=EgIIAQ
2026-08-31T19:16:25Z,survey,serpapi,DSM,STT,2027-04-27,2027-05-04,2,4,1,23435.00,USD,Delta,1,https://www.google.com/travel/flights?hl=en&gl=us&curr=USD&tfs=CBwQAhoeEgoyMDI3LTA0LTI3agcIARIDRFNNcgcIARIDU1RUGh4SCjIwMjctMDUtMDRqBwgBEgNTVFRyBwgBEgNEU01AAUABQAJAAkACQAJAA0gBcAGYAQE&tfu=EgIIAQ
2026-08-31T19:16:25Z,survey,serpapi,DSM,STT,2027-04-27,2027-05-04,2,4,1,24035.00,USD,Delta,1,https://www.google.com/travel/flights?hl=en&gl=us&curr=USD&tfs=CBwQAhoeEgoyMDI3LTA0LTI3agcIARIDRFNNcgcIARIDU1RUGh4SCjIwMjctMDUtMDRqBwgBEgNTVFRyBwgBEgNEU01AAUABQAJAAkACQAJAA0gBcAGYAQE&tfu=EgIIAQ
2026-08-31T19:16:43Z,survey,serpapi,DSM,STT,2027-05-11,2027-05-18,2,4,1,2955.00,USD,American,1,https://www.google.com/travel/flights?hl=en&gl=us&curr=USD&tfs=CBwQAhoeEgoyMDI3LTA1LTExagcIARIDRFNNcgcIARIDU1RUGh4SCjIwMjctMDUtMThqBwgBEgNTVFRyBwgBEgNEU01AAUABQAJAAkACQAJAA0gBcAGYAQE&tfu=EgIIAQ
2026-08-31T19:16:43Z,survey,serpapi,DSM,STT,2027-05-11,2027-05-18,2,4,1,2955.00,USD,American,2,https://www.google.com/travel/flights?hl=en&gl=us&curr=USD&tfs=CBwQAhoeEgoyMDI3LTA1LTExagcIARIDRFNNcgcIARIDU1RUGh4SCjIwMjctMDUtMThqBwgBEgNTVFRyBwgBEgNEU01AAUABQAJAAkACQAJAA0gBcAGYAQE&tfu=EgIIAQ
2026-08-31T19:16:43Z,survey,serpapi,DSM,STT,2027-05-11,2027-05-18,2,4,1,4200.00,USD,Delta,1,https://www.google.com/travel/flights?hl=en&gl=us&curr=USD&tfs=CBwQAhoeEgoyMDI3LTA1LTExagcIARIDRFNNcgcIARIDU1RUGh4SCjIwMjctMDUtMThqBwgBEgNTVFRyBwgBEgNEU01AAUABQAJAAkACQAJAA0gBcAGYAQE&tfu=EgIIAQ
2026-08-31T19:16:43Z,survey,serpapi,DSM,STT,2027-05-11,2027-05-18,2,4,1,4434.00,USD,Delta,1,https://www.google.com/travel/flights?hl=en&gl=us&curr=USD&tfs=CBwQAhoeEgoyMDI3LTA1LTExagcIARIDRFNNcgcIARIDU1RUGh4SCjIwMjctMDUtMThqBwgBEgNTVFRyBwgBEgNEU01AAUABQAJAAkACQAJAA0gBcAGYAQE&tfu=EgIIAQ
2026-08-31T19:16:43Z,survey,serpapi,DSM,STT,2027-05-11,2027-05-18,2,4,1,2955.00,USD,American,2,https://www.google.com/travel/flights?hl=en&gl=us&curr=USD&tfs=CBwQAhoeEgoyMDI3LTA1LTExagcIARIDRFNNcgcIARIDU1RUGh4SCjIwMjctMDUtMThqBwgBEgNTVFRyBwgBEgNEU01AAUABQAJAAkACQAJAA0gBcAGYAQE&tfu=EgIIAQ
2026-08-31T19:16:43Z,survey,serpapi,DSM,STT,2027-05-11,2027-05-18,2,4,1,2955.00,USD,American,2,https://www.google.com/travel/flights?hl=en&gl=us&curr=USD&tfs=CBwQAhoeEgoyMDI3LTA1LTExagcIARIDRFNNcgcIARIDU1RUGh4SCjIwMjctMDUtMThqBwgBEgNTVFRyBwgBEgNEU01AAUABQAJAAkACQAJAA0gBcAGYAQE&tfu=EgIIAQ
2026-08-31T19:16:43Z,survey,serpapi,DSM,STT,2027-05-11,2027-05-18,2,4,1,2955.00,USD,American,2,https://www.google.com/travel/flights?hl=en&gl=us&curr=USD&tfs=CBwQAhoeEgoyMDI3LTA1LTExagcIARIDRFNNcgcIARIDU1RUGh4SCjIwMjctMDUtMThqBwgBEgNTVFRyBwgBEgNEU01AAUABQAJAAkACQAJAA0gBcAGYAQE&tfu=EgIIAQ
2026-08-31T19:16:43Z,survey,serpapi,DSM,STT,2027-05-11,2027-05-18,2,4,1,3603.00,USD,American,2,https://www.google.com/travel/flights?hl=en&gl=us&curr=USD&tfs=CBwQAhoeEgoyMDI3LTA1LTExagcIARIDRFNNcgcIARIDU1RUGh4SCjIwMjctMDUtMThqBwgBEgNTVFRyBwgBEgNEU01AAUABQAJAAkACQAJAA0gBcAGYAQE&tfu=EgIIAQ
2026-08-31T19:16:43Z,survey,serpapi,DSM,STT,2027-05-11,2027-05-18,2,4,1,4459.00,USD,United,2,https://www.google.com/travel/flights?hl=en&gl=us&curr=USD&tfs=CBwQAhoeEgoyMDI3LTA1LTExagcIARIDRFNNcgcIARIDU1RUGh4SCjIwMjctMDUtMThqBwgBEgNTVFRyBwgBEgNEU01AAUABQAJAAkACQAJAA0gBcAGYAQE&tfu=EgIIAQ
2026-08-31T19:16:43Z,survey,serpapi,DSM,STT,2027-05-11,2027-05-18,2,4,1,20214.00,USD,United,2,https://www.google.com/travel/flights?hl=en&gl=us&curr=USD&tfs=CBwQAhoeEgoyMDI3LTA1LTExagcIARIDRFNNcgcIARIDU1RUGh4SCjIwMjctMDUtMThqBwgBEgNTVFRyBwgBEgNEU01AAUABQAJAAkACQAJAA0gBcAGYAQE&tfu=EgIIAQ
2026-08-31T19:16:43Z,survey,serpapi,DSM,STT,2027-05-11,2027-05-18,2,4,1,20214.00,USD,United,2,https://www.google.com/travel/flights?hl=en&gl=us&curr=USD&tfs=CBwQAhoeEgoyMDI3LTA1LTExagcIARIDRFNNcgcIARIDU1RUGh4SCjIwMjctMDUtMThqBwgBEgNTVFRyBwgBEgNEU01AAUABQAJAAkACQAJAA0gBcAGYAQE&tfu=EgIIAQ
2026-08-31T19:16:43Z,survey,serpapi,DSM,STT,2027-05-11,2027-05-18,2,4,1,24035.00,USD,Delta,1,https://www.google.com/travel/flights?hl=en&gl=us&curr=USD&tfs=CBwQAhoeEgoyMDI3LTA1LTExagcIARIDRFNNcgcIARIDU1RUGh4SCjIwMjctMDUtMThqBwgBEgNTVFRyBwgBEgNEU01AAUABQAJAAkACQAJAA0gBcAGYAQE&tfu=EgIIAQ
2026-08-31T19:17:00Z,survey,serpapi,DSM,STT,2027-05-25,2027-06-01,2,4,1,3075.00,USD,American,2,https://www.google.com/travel/flights?hl=en&gl=us&curr=USD&tfs=CBwQAhoeEgoyMDI3LTA1LTI1agcIARIDRFNNcgcIARIDU1RUGh4SCjIwMjctMDYtMDFqBwgBEgNTVFRyBwgBEgNEU01AAUABQAJAAkACQAJAA0gBcAGYAQE&tfu=EgIIAQ
2026-08-31T19:17:00Z,survey,serpapi,DSM,STT,2027-05-25,2027-06-01,2,4,1,3327.00,USD,American,1,https://www.google.com/travel/flights?hl=en&gl=us&curr=USD&tfs=CBwQAhoeEgoyMDI3LTA1LTI1agcIARIDRFNNcgcIARIDU1RUGh4SCjIwMjctMDYtMDFqBwgBEgNTVFRyBwgBEgNEU01AAUABQAJAAkACQAJAA0gBcAGYAQE&tfu=EgIIAQ
2026-08-31T19:17:00Z,survey,serpapi,DSM,STT,2027-05-25,2027-06-01,2,4,1,7917.00,USD,Delta,1,https://www.google.com/travel/flights?hl=en&gl=us&curr=USD&tfs=CBwQAhoeEgoyMDI3LTA1LTI1agcIARIDRFNNcgcIARIDU1RUGh4SCjIwMjctMDYtMDFqBwgBEgNTVFRyBwgBEgNEU01AAUABQAJAAkACQAJAA0gBcAGYAQE&tfu=EgIIAQ
2026-08-31T19:17:00Z,survey,serpapi,DSM,STT,2027-05-25,2027-06-01,2,4,1,3075.00,USD,American,2,https://www.google.com/travel/flights?hl=en&gl=us&curr=USD&tfs=CBwQAhoeEgoyMDI3LTA1LTI1agcIARIDRFNNcgcIARIDU1RUGh4SCjIwMjctMDYtMDFqBwgBEgNTVFRyBwgBEgNEU01AAUABQAJAAkACQAJAA0gBcAGYAQE&tfu=EgIIAQ
2026-08-31T19:17:00Z,survey,serpapi,DSM,STT,2027-05-25,2027-06-01,2,4,1,3075.00,USD,American,2,https://www.google.com/travel/flights?hl=en&gl=us&curr=USD&tfs=CBwQAhoeEgoyMDI3LTA1LTI1agcIARIDRFNNcgcIARIDU1RUGh4SCjIwMjctMDYtMDFqBwgBEgNTVFRyBwgBEgNEU01AAUABQAJAAkACQAJAA0gBcAGYAQE&tfu=EgIIAQ
2026-08-31T19:17:00Z,survey,serpapi,DSM,STT,2027-05-25,2027-06-01,2,4,1,3075.00,USD,American,2,https://www.google.com/travel/flights?hl=en&gl=us&curr=USD&tfs=CBwQAhoeEgoyMDI3LTA1LTI1agcIARIDRFNNcgcIARIDU1RUGh4SCjIwMjctMDYtMDFqBwgBEgNTVFRyBwgBEgNEU01AAUABQAJAAkACQAJAA0gBcAGYAQE&tfu=EgIIAQ
2026-08-31T19:17:00Z,survey,serpapi,DSM,STT,2027-05-25,2027-06-01,2,4,1,3075.00,USD,American,2,https://www.google.com/travel/flights?hl=en&gl=us&curr=USD&tfs=CBwQAhoeEgoyMDI3LTA1LTI1agcIARIDRFNNcgcIARIDU1RUGh4SCjIwMjctMDYtMDFqBwgBEgNTVFRyBwgBEgNEU01AAUABQAJAAkACQAJAA0gBcAGYAQE&tfu=EgIIAQ
2026-08-31T19:17:00Z,survey,serpapi,DSM,STT,2027-05-25,2027-06-01,2,4,1,3603.00,USD,American,2,https://www.google.com/travel/flights?hl=en&gl=us&curr=USD&tfs=CBwQAhoeEgoyMDI3LTA1LTI1agcIARIDRFNNcgcIARIDU1RUGh4SCjIwMjctMDYtMDFqBwgBEgNTVFRyBwgBEgNEU01AAUABQAJAAkACQAJAA0gBcAGYAQE&tfu=EgIIAQ
2026-08-31T19:17:00Z,survey,serpapi,DSM,STT,2027-05-25,2027-06-01,2,4,1,6626.00,USD,United,1,https://www.google.com/travel/flights?hl=en&gl=us&curr=USD&tfs=CBwQAhoeEgoyMDI3LTA1LTI1agcIARIDRFNNcgcIARIDU1RUGh4SCjIwMjctMDYtMDFqBwgBEgNTVFRyBwgBEgNEU01AAUABQAJAAkACQAJAA0gBcAGYAQE&tfu=EgIIAQ
2026-08-31T19:17:00Z,survey,serpapi,DSM,STT,2027-05-25,2027-06-01,2,4,1,7264.00,USD,United,2,https://www.google.com/travel/flights?hl=en&gl=us&curr=USD&tfs=CBwQAhoeEgoyMDI3LTA1LTI1agcIARIDRFNNcgcIARIDU1RUGh4SCjIwMjctMDYtMDFqBwgBEgNTVFRyBwgBEgNEU01AAUABQAJAAkACQAJAA0gBcAGYAQE&tfu=EgIIAQ
2026-08-31T19:17:00Z,survey,serpapi,DSM,STT,2027-05-25,2027-06-01,2,4,1,9162.00,USD,Delta,1,https://www.google.com/travel/flights?hl=en&gl=us&curr=USD&tfs=CBwQAhoeEgoyMDI3LTA1LTI1agcIARIDRFNNcgcIARIDU1RUGh4SCjIwMjctMDYtMDFqBwgBEgNTVFRyBwgBEgNEU01AAUABQAJAAkACQAJAA0gBcAGYAQE&tfu=EgIIAQ
2026-08-31T19:17:00Z,survey,serpapi,DSM,STT,2027-05-25,2027-06-01,2,4,1,20466.00,USD,United,2,https://www.google.com/travel/flights?hl=en&gl=us&curr=USD&tfs=CBwQAhoeEgoyMDI3LTA1LTI1agcIARIDRFNNcgcIARIDU1RUGh4SCjIwMjctMDYtMDFqBwgBEgNTVFRyBwgBEgNEU01AAUABQAJAAkACQAJAA0gBcAGYAQE&tfu=EgIIAQ
2026-08-31T19:17:00Z,survey,serpapi,DSM,STT,2027-05-25,2027-06-01,2,4,1,20466.00,USD,United,2,https://www.google.com/travel/flights?hl=en&gl=us&curr=USD&tfs=CBwQAhoeEgoyMDI3LTA1LTI1agcIARIDRFNNcgcIARIDU1RUGh4SCjIwMjctMDYtMDFqBwgBEgNTVFRyBwgBEgNEU01AAUABQAJAAkACQAJAA0gBcAGYAQE&tfu=EgIIAQ
2026-08-31T19:17:00Z,survey,serpapi,DSM,STT,2027-05-25,2027-06-01,2,4,1,23811.00,USD,Delta,2,https://www.google.com/travel/flights?hl=en&gl=us&curr=USD&tfs=CBwQAhoeEgoyMDI3LTA1LTI1agcIARIDRFNNcgcIARIDU1RUGh4SCjIwMjctMDYtMDFqBwgBEgNTVFRyBwgBEgNEU01AAUABQAJAAkACQAJAA0gBcAGYAQE&tfu=EgIIAQ
2026-08-31T19:17:19Z,survey,serpapi,DSM,STT,2027-06-08,2027-06-15,2,4,1,3075.00,USD,American,2,https://www.google.com/travel/flights?hl=en&gl=us&curr=USD&tfs=CBwQAhoeEgoyMDI3LTA2LTA4agcIARIDRFNNcgcIARIDU1RUGh4SCjIwMjctMDYtMTVqBwgBEgNTVFRyBwgBEgNEU01AAUABQAJAAkACQAJAA0gBcAGYAQE&tfu=EgIIAQ
2026-08-31T19:17:19Z,survey,serpapi,DSM,STT,2027-06-08,2027-06-15,2,4,1,3999.00,USD,American,1,https://www.google.com/travel/flights?hl=en&gl=us&curr=USD&tfs=CBwQAhoeEgoyMDI3LTA2LTA4agcIARIDRFNNcgcIARIDU1RUGh4SCjIwMjctMDYtMTVqBwgBEgNTVFRyBwgBEgNEU01AAUABQAJAAkACQAJAA0gBcAGYAQE&tfu=EgIIAQ
2026-08-31T19:17:19Z,survey,serpapi,DSM,STT,2027-06-08,2027-06-15,2,4,1,5016.00,USD,Delta,1,https://www.google.com/travel/flights?hl=en&gl=us&curr=USD&tfs=CBwQAhoeEgoyMDI3LTA2LTA4agcIARIDRFNNcgcIARIDU1RUGh4SCjIwMjctMDYtMTVqBwgBEgNTVFRyBwgBEgNEU01AAUABQAJAAkACQAJAA0gBcAGYAQE&tfu=EgIIAQ
2026-08-31T19:17:19Z,survey,serpapi,DSM,STT,2027-06-08,2027-06-15,2,4,1,3075.00,USD,American,2,https://www.google.com/travel/flights?hl=en&gl=us&curr=USD&tfs=CBwQAhoeEgoyMDI3LTA2LTA4agcIARIDRFNNcgcIARIDU1RUGh4SCjIwMjctMDYtMTVqBwgBEgNTVFRyBwgBEgNEU01AAUABQAJAAkACQAJAA0gBcAGYAQE&tfu=EgIIAQ
2026-08-31T19:17:19Z,survey,serpapi,DSM,STT,2027-06-08,2027-06-15,2,4,1,3207.00,USD,American,2,https://www.google.com/travel/flights?hl=en&gl=us&curr=USD&tfs=CBwQAhoeEgoyMDI3LTA2LTA4agcIARIDRFNNcgcIARIDU1RUGh4SCjIwMjctMDYtMTVqBwgBEgNTVFRyBwgBEgNEU01AAUABQAJAAkACQAJAA0gBcAGYAQE&tfu=EgIIAQ
2026-08-31T19:17:19Z,survey,serpapi,DSM,STT,2027-06-08,2027-06-15,2,4,1,3351.00,USD,American,2,https://www.google.com/travel/flights?hl=en&gl=us&curr=USD&tfs=CBwQAhoeEgoyMDI3LTA2LTA4agcIARIDRFNNcgcIARIDU1RUGh4SCjIwMjctMDYtMTVqBwgBEgNTVFRyBwgBEgNEU01AAUABQAJAAkACQAJAA0gBcAGYAQE&tfu=EgIIAQ
2026-08-31T19:17:19Z,survey,serpapi,DSM,STT,2027-06-08,2027-06-15,2,4,1,3999.00,USD,American,2,https://www.google.com/travel/flights?hl=en&gl=us&curr=USD&tfs=CBwQAhoeEgoyMDI3LTA2LTA4agcIARIDRFNNcgcIARIDU1RUGh4SCjIwMjctMDYtMTVqBwgBEgNTVFRyBwgBEgNEU01AAUABQAJAAkACQAJAA0gBcAGYAQE&tfu=EgIIAQ
2026-08-31T19:17:19Z,survey,serpapi,DSM,STT,2027-06-08,2027-06-15,2,4,1,6137.00,USD,United,2,https://www.google.com/travel/flights?hl=en&gl=us&curr=USD&tfs=CBwQAhoeEgoyMDI3LTA2LTA4agcIARIDRFNNcgcIARIDU1RUGh4SCjIwMjctMDYtMTVqBwgBEgNTVFRyBwgBEgNEU01AAUABQAJAAkACQAJAA0gBcAGYAQE&tfu=EgIIAQ
2026-08-31T19:17:19Z,survey,serpapi,DSM,STT,2027-06-08,2027-06-15,2,4,1,6261.00,USD,Delta,1,https://www.google.com/travel/flights?hl=en&gl=us&curr=USD&tfs=CBwQAhoeEgoyMDI3LTA2LTA4agcIARIDRFNNcgcIARIDU1RUGh4SCjIwMjctMDYtMTVqBwgBEgNTVFRyBwgBEgNEU01AAUABQAJAAkACQAJAA0gBcAGYAQE&tfu=EgIIAQ
2026-08-31T19:17:19Z,survey,serpapi,DSM,STT,2027-06-08,2027-06-15,2,4,1,23211.00,USD,Delta,2,https://www.google.com/travel/flights?hl=en&gl=us&curr=USD&tfs=CBwQAhoeEgoyMDI3LTA2LTA4agcIARIDRFNNcgcIARIDU1RUGh4SCjIwMjctMDYtMTVqBwgBEgNTVFRyBwgBEgNEU01AAUABQAJAAkACQAJAA0gBcAGYAQE&tfu=EgIIAQ
2026-08-31T19:17:19Z,survey,serpapi,DSM,STT,2027-06-08,2027-06-15,2,4,1,23211.00,USD,Delta,2,https://www.google.com/travel/flights?hl=en&gl=us&curr=USD&tfs=CBwQAhoeEgoyMDI3LTA2LTA4agcIARIDRFNNcgcIARIDU1RUGh4SCjIwMjctMDYtMTVqBwgBEgNTVFRyBwgBEgNEU01AAUABQAJAAkACQAJAA0gBcAGYAQE&tfu=EgIIAQ
2026-08-31T19:17:19Z,survey,serpapi,DSM,STT,2027-06-08,2027-06-15,2,4,1,52698.00,USD,Delta,2,https://www.google.com/travel/flights?hl=en&gl=us&curr=USD&tfs=CBwQAhoeEgoyMDI3LTA2LTA4agcIARIDRFNNcgcIARIDU1RUGh4SCjIwMjctMDYtMTVqBwgBEgNTVFRyBwgBEgNEU01AAUABQAJAAkACQAJAA0gBcAGYAQE&tfu=EgIIAQ
2026-08-31T19:17:19Z,survey,serpapi,DSM,STT,2027-06-08,2027-06-15,2,4,1,52698.00,USD,Delta,2,https://www.google.com/travel/flights?hl=en&gl=us&curr=USD&tfs=CBwQAhoeEgoyMDI3LTA2LTA4agcIARIDRFNNcgcIARIDU1RUGh4SCjIwMjctMDYtMTVqBwgBEgNTVFRyBwgBEgNEU01AAUABQAJAAkACQAJAA0gBcAGYAQE&tfu=EgIIAQ
2026-08-31T19:17:37Z,survey,serpapi,DSM,STT,2027-06-22,2027-06-29,2,4,1,3207.00,USD,American,1,https://www.google.com/travel/flights?hl=en&gl=us&curr=USD&tfs=CBwQAhoeEgoyMDI3LTA2LTIyagcIARIDRFNNcgcIARIDU1RUGh4SCjIwMjctMDYtMjlqBwgBEgNTVFRyBwgBEgNEU01AAUABQAJAAkACQAJAA0gBcAGYAQE&tfu=EgIIAQ
2026-08-31T19:17:37Z,survey,serpapi,DSM,STT,2027-06-22,2027-06-29,2,4,1,3207.00,USD,American,2,https://www.google.com/travel/flights?hl=en&gl=us&curr=USD&tfs=CBwQAhoeEgoyMDI3LTA2LTIyagcIARIDRFNNcgcIARIDU1RUGh4SCjIwMjctMDYtMjlqBwgBEgNTVFRyBwgBEgNEU01AAUABQAJAAkACQAJAA0gBcAGYAQE&tfu=EgIIAQ
2026-08-31T19:17:37Z,survey,serpapi,DSM,STT,2027-06-22,2027-06-29,2,4,1,6261.00,USD,Delta,1,https://www.google.com/travel/flights?hl=en&gl=us&curr=USD&tfs=CBwQAhoeEgoyMDI3LTA2LTIyagcIARIDRFNNcgcIARIDU1RUGh4SCjIwMjctMDYtMjlqBwgBEgNTVFRyBwgBEgNEU01AAUABQAJAAkACQAJAA0gBcAGYAQE&tfu=EgIIAQ
2026-08-31T19:17:37Z,survey,serpapi,DSM,STT,2027-06-22,2027-06-29,2,4,1,2955.00,USD,American,2,https://www.google.com/travel/flights?hl=en&gl=us&curr=USD&tfs=CBwQAhoeEgoyMDI3LTA2LTIyagcIARIDRFNNcgcIARIDU1RUGh4SCjIwMjctMDYtMjlqBwgBEgNTVFRyBwgBEgNEU01AAUABQAJAAkACQAJAA0gBcAGYAQE&tfu=EgIIAQ
2026-08-31T19:17:37Z,survey,serpapi,DSM,STT,2027-06-22,2027-06-29,2,4,1,2955.00,USD,American,2,https://www.google.com/travel/flights?hl=en&gl=us&curr=USD&tfs=CBwQAhoeEgoyMDI3LTA2LTIyagcIARIDRFNNcgcIARIDU1RUGh4SCjIwMjctMDYtMjlqBwgBEgNTVFRyBwgBEgNEU01AAUABQAJAAkACQAJAA0gBcAGYAQE&tfu=EgIIAQ
2026-08-31T19:17:37Z,survey,serpapi,DSM,STT,2027-06-22,2027-06-29,2,4,1,3075.00,USD,American,2,https://www.google.com/travel/flights?hl=en&gl=us&curr=USD&tfs=CBwQAhoeEgoyMDI3LTA2LTIyagcIARIDRFNNcgcIARIDU1RUGh4SCjIwMjctMDYtMjlqBwgBEgNTVFRyBwgBEgNEU01AAUABQAJAAkACQAJAA0gBcAGYAQE&tfu=EgIIAQ
2026-08-31T19:17:37Z,survey,serpapi,DSM,STT,2027-06-22,2027-06-29,2,4,1,3207.00,USD,American,2,https://www.google.com/travel/flights?hl=en&gl=us&curr=USD&tfs=CBwQAhoeEgoyMDI3LTA2LTIyagcIARIDRFNNcgcIARIDU1RUGh4SCjIwMjctMDYtMjlqBwgBEgNTVFRyBwgBEgNEU01AAUABQAJAAkACQAJAA0gBcAGYAQE&tfu=EgIIAQ
2026-08-31T19:17:37Z,survey,serpapi,DSM,STT,2027-06-22,2027-06-29,2,4,1,6297.00,USD,United,2,https://www.google.com/travel/flights?hl=en&gl=us&curr=USD&tfs=CBwQAhoeEgoyMDI3LTA2LTIyagcIARIDRFNNcgcIARIDU1RUGh4SCjIwMjctMDYtMjlqBwgBEgNTVFRyBwgBEgNEU01AAUABQAJAAkACQAJAA0gBcAGYAQE&tfu=EgIIAQ
2026-08-31T19:17:37Z,survey,serpapi,DSM,STT,2027-06-22,2027-06-29,2,4,1,6701.00,USD,United,2,https://www.google.com/travel/flights?hl=en&gl=us&curr=USD&tfs=CBwQAhoeEgoyMDI3LTA2LTIyagcIARIDRFNNcgcIARIDU1RUGh4SCjIwMjctMDYtMjlqBwgBEgNTVFRyBwgBEgNEU01AAUABQAJAAkACQAJAA0gBcAGYAQE&tfu=EgIIAQ
2026-08-31T19:17:37Z,survey,serpapi,DSM,STT,2027-06-22,2027-06-29,2,4,1,7077.00,USD,Delta,1,https://www.google.com/travel/flights?hl=en&gl=us&curr=USD&tfs=CBwQAhoeEgoyMDI3LTA2LTIyagcIARIDRFNNcgcIARIDU1RUGh4SCjIwMjctMDYtMjlqBwgBEgNTVFRyBwgBEgNEU01AAUABQAJAAkACQAJAA0gBcAGYAQE&tfu=EgIIAQ
2026-08-31T19:17:37Z,survey,serpapi,DSM,STT,2027-06-22,2027-06-29,2,4,1,23151.00,USD,Delta,2,https://www.google.com/travel/flights?hl=en&gl=us&curr=USD&tfs=CBwQAhoeEgoyMDI3LTA2LTIyagcIARIDRFNNcgcIARIDU1RUGh4SCjIwMjctMDYtMjlqBwgBEgNTVFRyBwgBEgNEU01AAUABQAJAAkACQAJAA0gBcAGYAQE&tfu=EgIIAQ
2026-08-31T19:17:37Z,survey,serpapi,DSM,STT,2027-06-22,2027-06-29,2,4,1,23211.00,USD,Delta,2,https://www.google.com/travel/flights?hl=en&gl=us&curr=USD&tfs=CBwQAhoeEgoyMDI3LTA2LTIyagcIARIDRFNNcgcIARIDU1RUGh4SCjIwMjctMDYtMjlqBwgBEgNTVFRyBwgBEgNEU01AAUABQAJAAkACQAJAA0gBcAGYAQE&tfu=EgIIAQ
2026-08-31T19:17:58Z,survey,serpapi,DSM,STT,2027-07-06,2027-07-13,2,4,1,2955.00,USD,American,2,https://www.google.com/travel/flights?hl=en&gl=us&curr=USD&tfs=CBwQAhoeEgoyMDI3LTA3LTA2agcIARIDRFNNcgcIARIDU1RUGh4SCjIwMjctMDctMTNqBwgBEgNTVFRyBwgBEgNEU01AAUABQAJAAkACQAJAA0gBcAGYAQE&tfu=EgIIAQ
2026-08-31T19:17:58Z,survey,serpapi,DSM,STT,2027-07-06,2027-07-13,2,4,1,3861.00,USD,American,1,https://www.google.com/travel/flights?hl=en&gl=us&curr=USD&tfs=CBwQAhoeEgoyMDI3LTA3LTA2agcIARIDRFNNcgcIARIDU1RUGh4SCjIwMjctMDctMTNqBwgBEgNTVFRyBwgBEgNEU01AAUABQAJAAkACQAJAA0gBcAGYAQE&tfu=EgIIAQ
2026-08-31T19:17:58Z,survey,serpapi,DSM,STT,2027-07-06,2027-07-13,2,4,1,5250.00,USD,Delta,1,https://www.google.com/travel/flights?hl=en&gl=us&curr=USD&tfs=CBwQAhoeEgoyMDI3LTA3LTA2agcIARIDRFNNcgcIARIDU1RUGh4SCjIwMjctMDctMTNqBwgBEgNTVFRyBwgBEgNEU01AAUABQAJAAkACQAJAA0gBcAGYAQE&tfu=EgIIAQ
2026-08-31T19:17:58Z,survey,serpapi,DSM,STT,2027-07-06,2027-07-13,2,4,1,2955.00,USD,American,2,https://www.google.com/travel/flights?hl=en&gl=us&curr=USD&tfs=CBwQAhoeEgoyMDI3LTA3LTA2agcIARIDRFNNcgcIARIDU1RUGh4SCjIwMjctMDctMTNqBwgBEgNTVFRyBwgBEgNEU01AAUABQAJAAkACQAJAA0gBcAGYAQE&tfu=EgIIAQ
2026-08-31T19:17:58Z,survey,serpapi,DSM,STT,2027-07-06,2027-07-13,2,4,1,3207.00,USD,American,2,https://www.google.com/travel/flights?hl=en&gl=us&curr=USD&tfs=CBwQAhoeEgoyMDI3LTA3LTA2agcIARIDRFNNcgcIARIDU1RUGh4SCjIwMjctMDctMTNqBwgBEgNTVFRyBwgBEgNEU01AAUABQAJAAkACQAJAA0gBcAGYAQE&tfu=EgIIAQ
2026-08-31T19:17:58Z,survey,serpapi,DSM,STT,2027-07-06,2027-07-13,2,4,1,3711.00,USD,American,2,https://www.google.com/travel/flights?hl=en&gl=us&curr=USD&tfs=CBwQAhoeEgoyMDI3LTA3LTA2agcIARIDRFNNcgcIARIDU1RUGh4SCjIwMjctMDctMTNqBwgBEgNTVFRyBwgBEgNEU01AAUABQAJAAkACQAJAA0gBcAGYAQE&tfu=EgIIAQ
2026-08-31T19:17:58Z,survey,serpapi,DSM,STT,2027-07-06,2027-07-13,2,4,1,5181.00,USD,United,2,https://www.google.com/travel/flights?hl=en&gl=us&curr=USD&tfs=CBwQAhoeEgoyMDI3LTA3LTA2agcIARIDRFNNcgcIARIDU1RUGh4SCjIwMjctMDctMTNqBwgBEgNTVFRyBwgBEgNEU01AAUABQAJAAkACQAJAA0gBcAGYAQE&tfu=EgIIAQ
2026-08-31T19:17:58Z,survey,serpapi,DSM,STT,2027-07-06,2027-07-13,2,4,1,5181.00,USD,United,2,https://www.google.com/travel/flights?hl=en&gl=us&curr=USD&tfs=CBwQAhoeEgoyMDI3LTA3LTA2agcIARIDRFNNcgcIARIDU1RUGh4SCjIwMjctMDctMTNqBwgBEgNTVFRyBwgBEgNEU01AAUABQAJAAkACQAJAA0gBcAGYAQE&tfu=EgIIAQ
2026-08-31T19:17:58Z,survey,serpapi,DSM,STT,2027-07-06,2027-07-13,2,4,1,5777.00,USD,American,1,https://www.google.com/travel/flights?hl=en&gl=us&curr=USD&tfs=CBwQAhoeEgoyMDI3LTA3LTA2agcIARIDRFNNcgcIARIDU1RUGh4SCjIwMjctMDctMTNqBwgBEgNTVFRyBwgBEgNEU01AAUABQAJAAkACQAJAA0gBcAGYAQE&tfu=EgIIAQ
2026-08-31T19:17:58Z,survey,serpapi,DSM,STT,2027-07-06,2027-07-13,2,4,1,6026.00,USD,United,2,https://www.google.com/travel/flights?hl=en&gl=us&curr=USD&tfs=CBwQAhoeEgoyMDI3LTA3LTA2agcIARIDRFNNcgcIARIDU1RUGh4SCjIwMjctMDctMTNqBwgBEgNTVFRyBwgBEgNEU01AAUABQAJAAkACQAJAA0gBcAGYAQE&tfu=EgIIAQ
2026-08-31T19:17:58Z,survey,serpapi,DSM,STT,2027-07-06,2027-07-13,2,4,1,6261.00,USD,Delta,1,https://www.google.com/travel/flights?hl=en&gl=us&curr=USD&tfs=CBwQAhoeEgoyMDI3LTA3LTA2agcIARIDRFNNcgcIARIDU1RUGh4SCjIwMjctMDctMTNqBwgBEgNTVFRyBwgBEgNEU01AAUABQAJAAkACQAJAA0gBcAGYAQE&tfu=EgIIAQ
2026-08-31T19:17:58Z,survey,serpapi,DSM,STT,2027-07-06,2027-07-13,2,4,1,22198.00,USD,United,2,https://www.google.com/travel/flights?hl=en&gl=us&curr=USD&tfs=CBwQAhoeEgoyMDI3LTA3LTA2agcIARIDRFNNcgcIARIDU1RUGh4SCjIwMjctMDctMTNqBwgBEgNTVFRyBwgBEgNEU01AAUABQAJAAkACQAJAA0gBcAGYAQE&tfu=EgIIAQ
2026-08-31T19:17:58Z,survey,serpapi,DSM,STT,2027-07-06,2027-07-13,2,4,1,23211.00,USD,Delta,2,https://www.google.com/travel/flights?hl=en&gl=us&curr=USD&tfs=CBwQAhoeEgoyMDI3LTA3LTA2agcIARIDRFNNcgcIARIDU1RUGh4SCjIwMjctMDctMTNqBwgBEgNTVFRyBwgBEgNEU01AAUABQAJAAkACQAJAA0gBcAGYAQE&tfu=EgIIAQ
2026-08-31T19:18:11Z,survey,serpapi,DSM,STT,2027-07-15,2027-07-22,2,4,1,4107.00,USD,American,2,https://www.google.com/travel/flights?hl=en&gl=us&curr=USD&tfs=CBwQAhoeEgoyMDI3LTA3LTE1agcIARIDRFNNcgcIARIDU1RUGh4SCjIwMjctMDctMjJqBwgBEgNTVFRyBwgBEgNEU01AAUABQAJAAkACQAJAA0gBcAGYAQE&tfu=EgIIAQ
2026-08-31T19:18:11Z,survey,serpapi,DSM,STT,2027-07-15,2027-07-22,2,4,1,4395.00,USD,American,1,https://www.google.com/travel/flights?hl=en&gl=us&curr=USD&tfs=CBwQAhoeEgoyMDI3LTA3LTE1agcIARIDRFNNcgcIARIDU1RUGh4SCjIwMjctMDctMjJqBwgBEgNTVFRyBwgBEgNEU01AAUABQAJAAkACQAJAA0gBcAGYAQE&tfu=EgIIAQ
2026-08-31T19:18:11Z,survey,serpapi,DSM,STT,2027-07-15,2027-07-22,2,4,1,5226.00,USD,Delta,1,https://www.google.com/travel/flights?hl=en&gl=us&curr=USD&tfs=CBwQAhoeEgoyMDI3LTA3LTE1agcIARIDRFNNcgcIARIDU1RUGh4SCjIwMjctMDctMjJqBwgBEgNTVFRyBwgBEgNEU01AAUABQAJAAkACQAJAA0gBcAGYAQE&tfu=EgIIAQ
2026-08-31T19:18:11Z,survey,serpapi,DSM,STT,2027-07-15,2027-07-22,2,4,1,6353.00,USD,American,1,https://www.google.com/travel/flights?hl=en&gl=us&curr=USD&tfs=CBwQAhoeEgoyMDI3LTA3LTE1agcIARIDRFNNcgcIARIDU1RUGh4SCjIwMjctMDctMjJqBwgBEgNTVFRyBwgBEgNEU01AAUABQAJAAkACQAJAA0gBcAGYAQE&tfu=EgIIAQ
2026-08-31T19:18:11Z,survey,serpapi,DSM,STT,2027-07-15,2027-07-22,2,4,1,6503.00,USD,American,1,https://www.google.com/travel/flights?hl=en&gl=us&curr=USD&tfs=CBwQAhoeEgoyMDI3LTA3LTE1agcIARIDRFNNcgcIARIDU1RUGh4SCjIwMjctMDctMjJqBwgBEgNTVFRyBwgBEgNEU01AAUABQAJAAkACQAJAA0gBcAGYAQE&tfu=EgIIAQ
2026-08-31T19:18:11Z,survey,serpapi,DSM,STT,2027-07-15,2027-07-22,2,4,1,7227.00,USD,Delta,1,https://www.google.com/travel/flights?hl=en&gl=us&curr=USD&tfs=CBwQAhoeEgoyMDI3LTA3LTE1agcIARIDRFNNcgcIARIDU1RUGh4SCjIwMjctMDctMjJqBwgBEgNTVFRyBwgBEgNEU01AAUABQAJAAkACQAJAA0gBcAGYAQE&tfu=EgIIAQ
2026-08-31T19:18:11Z,survey,serpapi,DSM,STT,2027-07-15,2027-07-22,2,4,1,9700.00,USD,United,2,https://www.google.com/travel/flights?hl=en&gl=us&curr=USD&tfs=CBwQAhoeEgoyMDI3LTA3LTE1agcIARIDRFNNcgcIARIDU1RUGh4SCjIwMjctMDctMjJqBwgBEgNTVFRyBwgBEgNEU01AAUABQAJAAkACQAJAA0gBcAGYAQE&tfu=EgIIAQ
2026-08-31T19:18:11Z,survey,serpapi,DSM,STT,2027-07-15,2027-07-22,2,4,1,10268.00,USD,United,1,https://www.google.com/travel/flights?hl=en&gl=us&curr=USD&tfs=CBwQAhoeEgoyMDI3LTA3LTE1agcIARIDRFNNcgcIARIDU1RUGh4SCjIwMjctMDctMjJqBwgBEgNTVFRyBwgBEgNEU01AAUABQAJAAkACQAJAA0gBcAGYAQE&tfu=EgIIAQ
2026-08-31T19:18:11Z,survey,serpapi,DSM,STT,2027-07-15,2027-07-22,2,4,1,23435.00,USD,Delta,1,https://www.google.com/travel/flights?hl=en&gl=us&curr=USD&tfs=CBwQAhoeEgoyMDI3LTA3LTE1agcIARIDRFNNcgcIARIDU1RUGh4SCjIwMjctMDctMjJqBwgBEgNTVFRyBwgBEgNEU01AAUABQAJAAkACQAJAA0gBcAGYAQE&tfu=EgIIAQ
